﻿TU_id,start,stop,tss,strand,rho_dependent,sigma
TU8J2-1346,621847,622218,621847,+,TURE,NaN
TU8J2-250,4093980,4095317,4093980,+,FALSE,NaN
TU8J2-516,3136238,3136675,3136675,-,FALSE,NaN
TU8J2-892_from_sigA_mono,1300450,1312812,1300450,+,FALSE,sigA_mono
TU8J2-1331,550240,551259,551259,-,TURE,NaN
TU8J2-236,4123193,4123903,4123193,+,FALSE,NaN
TU8J2-501_from_sigD_mono,3210445,3212433,3212433,-,FALSE,sigD_mono
TU8J2-878_from_sigA_mono,1382677,1383147,1383147,-,FALSE,sigA_mono
TU8J2-1317,286773,287420,287420,-,TURE,NaN
TU8J2-224,4157471,4158835,4158835,-,FALSE,NaN
TU8J2-488_from_sigA_mono,3233911,3236219,3233911,+,FALSE,sigA_mono
TU8J2-863_from_sigG_mono,1461453,1462798,1461453,+,FALSE,sigG_mono
TU8J2-1302,348724,349959,348724,+,TURE,NaN
TU8J2-21_from_sigA_mono,3663281,3664201,3663281,+,FALSE,sigA_mono
TU8J2-473_from_sigF_mono,3298584,3299240,3299240,-,FALSE,sigF_mono
TU8J2-849_from_sigA_mono,1518333,1519619,1518333,+,TURE,sigA_mono
TU8J2-806,1890512,1891666,1891666,-,FALSE,NaN
TU8J2-1289,3469860,3468235,3468235,-,TURE,NaN
TU8J2-195_from_sigG_mono,990612,991265,991265,-,TURE,sigG_mono
TU8J2-459_from_sigA_mono,3385724,3387753,3385724,+,FALSE,sigA_mono
TU8J2-834_from_sigA_mono,1603779,1606412,1603779,+,FALSE,sigA_mono
TU8J2-792_from_sigA_mono,1926680,1929409,1926680,+,FALSE,sigA_mono
TU8J2-1274_from_sigA_mono,3351110,3347905,3347905,-,FALSE,sigA_mono
TU8J2-180,3372740,3368824,3368824,-,FALSE,NaN
TU8J2-444_from_sigA_mono,3485670,3486758,3485670,+,FALSE,sigA_mono
TU8J2-820,1742617,1743846,1742617,+,FALSE,NaN
TU8J2-777,2037601,2038779,2038779,-,FALSE,NaN
TU8J2-126,1218113,1219105,1219105,-,FALSE,NaN
TU8J2-166,1419213,1421923,1419213,+,FALSE,NaN
TU8J2-43_from_sigA_mono,862004,863663,862004,+,FALSE,sigA_mono
TU8J2-762,2130377,2131867,2130377,+,FALSE,NaN
TU8J2-1245_from_sigG_mono,2442684,2439853,2439853,-,TURE,sigG_mono
TU8J2-1574,4185160,4185681,4185681,-,TURE,NaN
TU8J2-415_from_sigB_mono,3692533,3693906,3693906,-,FALSE,sigB_mono
TU8J2-748,2299406,2300179,2300179,-,FALSE,NaN
TU8J2-1225,3626128,3626079,3626079,-,FALSE,NaN
TU8J2-156,587744,589601,587744,+,FALSE,NaN
TU8J2-400,3724420,3725136,3725136,-,FALSE,NaN
TU8J2-733,2327488,2329413,2329413,-,FALSE,NaN
TU8J2-1210,23146,23149,23149,-,FALSE,NaN
TU8J2-1545,3424235,3425161,3425161,-,TURE,NaN
TU8J2-384,3761987,3762421,3762421,-,FALSE,NaN
TU8J2-716_from_sigE_mono,2423383,2422800,2422800,-,FALSE,sigE_mono
TU8J2-1194_from_sigA_mono,56352,59397,56352,+,FALSE,sigA_mono
TU8J2-1528,3294270,3294872,3294270,+,TURE,NaN
TU8J2-37_from_sigA_mono,2552446,2552988,2552446,+,FALSE,sigA_mono
TU8J2-701,2460664,2461581,2460664,+,FALSE,NaN
TU8J2-118,2006541,2007398,2007398,-,FALSE,NaN
TU8J2-1513,3060395,3060673,3060395,+,TURE,NaN
TU8J2-355,3819754,3821481,3821481,-,TURE,NaN
TU8J2-687_from_sigB_mono,2493662,2496734,2493662,+,FALSE,sigB_mono
TU8J2-1165,229525,230778,229525,+,FALSE,NaN
TU8J2-15_from_sigA_mono,1596474,1598980,1596474,+,FALSE,sigA_mono
TU8J2-340_from_sigA_mono,3864309,3865208,3865208,-,TURE,sigA_mono
TU8J2-672_from_sigA_mono,2552446,2552988,2552446,+,FALSE,sigA_mono
TU8J2-1150_from_sigA_mono,290915,292042,290915,+,FALSE,sigA_mono
TU8J2-1485,2620717,2621640,2620717,+,TURE,NaN
TU8J2-325,3907844,3910264,3907844,+,FALSE,NaN
TU8J2-658_from_sigE_mono,2616667,2616648,2616648,-,TURE,sigE_mono
TU8J2-1136,325339,326772,325339,+,FALSE,NaN
TU8J2-1470,2360630,2361502,2360630,+,TURE,NaN
TU8J2-310,3947158,3948399,3947158,+,FALSE,NaN
TU8J2-643_from_sigA_mono,2716973,2718802,2716973,+,TURE,sigA_mono
TU8J2-1121,369236,369691,369236,+,FALSE,NaN
TU8J2-14566_from_sigA_mono,1554185,1557631,1554185,+,TURE,sigA_mono
TU8J2-3032_from_sigA_mono,424904,424888,424888,-,TURE,sigA_mono
TU8J2-629,2823419,2823413,2823413,-,FALSE,NaN
TU8J2-1107_from_sigA_mono,428831,430085,428831,+,FALSE,sigA_mono
TU8J2-1444,2060237,2060692,2060692,-,TURE,NaN
TU8J2-3016_from_sigA_mono,1411892,1413789,1411892,+,TURE,sigA_mono
TU8J2-614_from_sigE_mono,2871022,2870989,2870989,-,FALSE,sigE_mono
TU8J2-1093,454652,455260,455260,-,TURE,NaN
TU8J2-990,909198,909746,909746,-,FALSE,NaN
TU8J2-143,2065042,2065377,2065042,+,FALSE,NaN
TU8J2-300_from_sigY_mono,3970312,3968720,3968720,-,FALSE,sigY_mono
TU8J2-60_from_sigE_mono,2652219,2700977,2652219,+,FALSE,sigE_mono
TU8J2-1079,496646,496561,496561,-,FALSE,NaN
TU8J2-976,926886,928079,926886,+,FALSE,NaN
TU8J2-1415,1533327,1533701,1533701,-,TURE,NaN
TU8J2-2978,1150850,1151020,1151020,-,TURE,NaN
TU8J2-586_from_sigA_mono,2947385,2939832,2939832,-,FALSE,sigA_mono
TU8J2-1064_from_sigG_mono,601019,601726,601019,+,FALSE,sigG_mono
TU8J2-961_from_sigE_mono,975231,976409,975231,+,FALSE,sigE_mono
TU8J2-1400,1387206,1388039,1387206,+,TURE,NaN
TU8J2-2958,3644607,3645296,3645296,-,FALSE,NaN
TU8J2-571,2982603,2983067,2983067,-,FALSE,NaN
TU8J2-105,344551,347026,344551,+,FALSE,NaN
TU8J2-947_from_sigA_mono,1020073,1020948,1020948,-,FALSE,sigA_mono
TU8J2-1387,1239387,1240121,1240121,-,TURE,NaN
TU8J2-291_from_sigB_mono,3986428,3987885,3986428,+,FALSE,sigB_mono
TU8J2-557,3017696,3018199,3018199,-,FALSE,NaN
TU8J2-1035,798469,803286,798469,+,FALSE,NaN
TU8J2-932_from_sigA_mono,1083851,1085995,1083851,+,FALSE,sigA_mono
TU8J2-1372,1072042,1072560,1072560,-,TURE,NaN
TU8J2-277,4012866,4012570,4012570,-,FALSE,NaN
TU8J2-542,2367954,2369240,2369240,-,FALSE,NaN
TU8J2-1020,827993,829255,827993,+,FALSE,NaN
TU8J2-918,1121550,1122681,1121550,+,FALSE,NaN
TU8J2-1358,954291,954494,954291,+,TURE,NaN
TU8J2-262,4065597,4065962,4065597,+,FALSE,NaN
TU8J2-528,3100881,3102179,3100881,+,FALSE,NaN
TU8J2-1006,868007,868006,868006,-,FALSE,NaN
TU8J2-903,1242449,1247652,1242449,+,FALSE,NaN
TU8J2-1343,585868,586548,585868,+,TURE,NaN
TU8J2-248_from_sigA_mono,4097416,4102365,4097416,+,FALSE,sigA_mono
TU8J2-513_from_sigA_mono,3152302,3147353,3147353,-,FALSE,sigA_mono
TU8J2-89_from_sigA_mono,1427061,1430120,1427061,+,FALSE,sigA_mono
TU8J2-1329,475584,475874,475874,-,TURE,NaN
TU8J2-233,4135351,4135764,4135351,+,FALSE,NaN
TU8J2-5_from_sigA_mono,3389024,3390664,3390664,-,FALSE,sigA_mono
TU8J2-875_from_sigI_mono,1411892,1413789,1411892,+,FALSE,sigI_mono
TU8J2-1314,14847,15794,15794,-,TURE,NaN
TU8J2-221,4165659,4163646,4163646,-,FALSE,NaN
TU8J2-485_from_sigA_mono,3244770,3246116,3244770,+,FALSE,sigA_mono
TU8J2-860_from_sigD_mono,1473605,1474516,1473605,+,FALSE,sigD_mono
TU8J2-130_from_sigA_mono,2929438,2929422,2929422,-,FALSE,sigA_mono
TU8J2-207,4193264,4194163,4194163,-,FALSE,NaN
TU8J2-470_from_sigE_mono,3322463,3323227,3323227,-,FALSE,sigE_mono
TU8J2-846,1540036,1541601,1541601,-,FALSE,NaN
TU8J2-803_from_sigG_mono,1907494,1911381,1907494,+,FALSE,sigG_mono
TU8J2-1286,1045318,1049093,1045318,+,TURE,NaN
TU8J2-192_from_sigG_mono,1175985,1175976,1175976,-,FALSE,sigG_mono
TU8J2-456_from_sigG_mono,420110,424103,420110,+,FALSE,sigG_mono
TU8J2-831_from_sigE_mono,1655446,1655526,1655446,+,FALSE,sigE_mono
TU8J2-79,1925655,1926047,1926047,-,FALSE,NaN
TU8J2-1271,3567422,3565521,3565521,-,TURE,NaN
TU8J2-178,3464289,3466387,3464289,+,FALSE,NaN
TU8J2-441_from_sigA_mono,3529151,3515083,3515083,-,TURE,sigA_mono
TU8J2-818,1744367,1749240,1744367,+,FALSE,NaN
TU8J2-774_from_sigA_mono,2054599,2055240,2055240,-,FALSE,sigA_mono
TU8J2-1257,3732525,3730810,3730810,-,TURE,NaN
TU8J2-163,1265057,1265377,1265057,+,FALSE,NaN
TU8J2-427_from_sigA_mono,3642167,3638234,3638234,-,FALSE,sigA_mono
TU8J2-76_from_sigF_mono,3849818,3851893,3849818,+,TURE,sigF_mono
TU8J2-1242,2430258,2427779,2427779,-,FALSE,NaN
TU8J2-1571,3853486,3853674,3853486,+,TURE,NaN
TU8J2-412,3699446,3697806,3697806,-,FALSE,NaN
TU8J2-745,2302727,2303860,2303860,-,FALSE,NaN
TU8J2-1222_from_sigA_mono,1478072,1480867,1478072,+,FALSE,sigA_mono
TU8J2-1557,3562566,3563543,3562566,+,TURE,NaN
TU8J2-399,3729488,3730810,3730810,-,FALSE,NaN
TU8J2-730,2340802,2344188,2340802,+,FALSE,NaN
TU8J2-1208_from_sigA_mono,25852,26732,25852,+,FALSE,sigA_mono
TU8J2-1542,3387781,3387945,3387945,-,TURE,NaN
TU8J2-381_from_sigH_mono,3768791,3768423,3768423,-,FALSE,sigH_mono
TU8J2-713,2431737,2432081,2432081,-,FALSE,NaN
TU8J2-1191,70267,70338,70267,+,FALSE,NaN
TU8J2-1525,3236422,3236979,3236979,-,TURE,NaN
TU8J2-367_from_sigF_mono,3794676,3795350,3795350,-,TURE,sigF_mono
TU8J2-699,2465966,2466172,2465966,+,TURE,NaN
TU8J2-1177,183414,185003,185003,-,TURE,NaN
TU8J2-1510,3054746,3055192,3054746,+,TURE,NaN
TU8J2-352_from_sigA_mono,3832327,3832228,3832228,-,FALSE,sigA_mono
TU8J2-684,2507020,2507256,2507020,+,FALSE,NaN
TU8J2-1162_from_sigA_mono,233994,2514900,2514900,-,FALSE,sigA_mono
TU8J2-1497,2746608,2747711,2746608,+,TURE,NaN
TU8J2-338,3866596,3867360,3866596,+,FALSE,NaN
TU8J2-67_from_sigE_mono,2897788,2898123,2897788,+,FALSE,sigE_mono
TU8J2-1148,294615,295571,295571,-,FALSE,NaN
TU8J2-1482,2590282,2590671,2590671,-,TURE,NaN
TU8J2-322,3914009,3914272,3914009,+,FALSE,NaN
TU8J2-655_from_sigE_mono,2633237,2633220,2633220,-,FALSE,sigE_mono
TU8J2-1133_from_sigA_mono,329774,332396,329774,+,FALSE,sigA_mono
TU8J2-1468,2338017,2338394,2338394,-,TURE,NaN
TU8J2-308_from_sigW_mono,3949952,3950584,3950584,-,FALSE,sigW_mono
TU8J2-640_from_sigG_mono,2752802,2755119,2752802,+,FALSE,sigG_mono
TU8J2-1119,370259,371692,370259,+,FALSE,NaN
TU8J2-1456,2137897,2138040,2137897,+,TURE,NaN
TU8J2-303_from_sigA_mono,3962003,3963928,3963928,-,TURE,sigA_mono
TU8J2-626,2841611,2843065,2841611,+,FALSE,NaN
TU8J2-1104,437474,437454,437454,-,FALSE,NaN
TU8J2-1441,2056278,2056616,2056278,+,TURE,NaN
TU8J2-3012,1183943,1183032,1183032,-,TURE,NaN
TU8J2-611_from_sigA_mono,2880466,2880469,2880469,-,FALSE,sigA_mono
TU8J2-1090,457023,463072,457023,+,FALSE,NaN
TU8J2-988,910840,911928,910840,+,FALSE,NaN
TU8J2-1427,1901117,1901377,1901377,-,TURE,NaN
TU8J2-2999,524492,525649,524492,+,TURE,NaN
TU8J2-598_from_sigA_mono,2909520,2910746,2910746,-,FALSE,sigA_mono
TU8J2-1076,506866,507738,506866,+,FALSE,NaN
TU8J2-973_from_sigX_mono,930818,931807,930818,+,FALSE,sigX_mono
TU8J2-1412,1491221,1492024,1492024,-,TURE,NaN
TU8J2-2972_from_sigA_mono,2123026,2122306,2122306,-,TURE,sigA_mono
TU8J2-583_from_sigA_mono,2952828,2952167,2952167,-,FALSE,sigA_mono
TU8J2-1061_from_sigE_mono,620097,620031,620031,-,FALSE,sigE_mono
TU8J2-959_from_sigA_mono,984262,984465,984465,-,FALSE,sigA_mono
TU8J2-1399,1374068,1374292,1374292,-,TURE,NaN
TU8J2-2955_from_sigA_mono,1524791,1524785,1524785,-,TURE,sigA_mono
TU8J2-569,2986588,2984695,2984695,-,FALSE,NaN
TU8J2-1047_from_sigW_mono,682375,681464,681464,-,TURE,sigW_mono
TU8J2-944,1023350,1024747,1023350,+,FALSE,NaN
TU8J2-1384,1187700,1188551,1188551,-,TURE,NaN
TU8J2-289_from_sigD_mono,3989331,3989873,3989331,+,FALSE,sigD_mono
TU8J2-554,3022068,3023657,3023657,-,FALSE,NaN
TU8J2-1032,804796,806178,806178,-,FALSE,NaN
TU8J2-93,3732525,3732535,3732535,-,FALSE,NaN
TU8J2-137,2836165,2836154,2836154,-,FALSE,NaN
TU8J2-274_from_sigA_mono,4023544,4023482,4023482,-,FALSE,sigA_mono
TU8J2-54_from_sigB_mono,2603373,2601329,2601329,-,FALSE,sigB_mono
TU8J2-1018,830945,834187,830945,+,FALSE,NaN
TU8J2-915,1143577,1148457,1143577,+,FALSE,NaN
TU8J2-1355,790318,791427,790318,+,TURE,NaN
TU8J2-26_from_sigA_mono,726840,728318,728318,-,FALSE,sigA_mono
TU8J2-525,3108614,3109360,3108614,+,FALSE,NaN
TU8J2-1003,870388,871248,871248,-,FALSE,NaN
TU8J2-900,1251631,1251174,1251174,-,FALSE,NaN
TU8J2-1340,582536,583456,583456,-,TURE,NaN
TU8J2-245,4106245,4106137,4106137,-,FALSE,NaN
TU8J2-510,3160761,3159689,3159689,-,FALSE,NaN
TU8J2-887,1325096,1332405,1325096,+,FALSE,NaN
TU8J2-1326_from_sigG_mono,419763,419984,419984,-,TURE,sigG_mono
TU8J2-230,4139679,4140149,4140149,-,FALSE,NaN
TU8J2-497,3220731,3220241,3220241,-,FALSE,NaN
TU8J2-872,1431027,1431458,1431027,+,TURE,NaN
TU8J2-1311_from_sigA_mono,752079,752252,752079,+,TURE,sigA_mono
TU8J2-219,4167622,4167999,4167999,-,FALSE,NaN
TU8J2-482,3253529,3255838,3255838,-,FALSE,NaN
TU8J2-858,1476518,1477012,1477012,-,FALSE,NaN
TU8J2-815_from_sigH_mono,1769935,1770195,1769935,+,FALSE,sigH_mono
TU8J2-1298_from_sigA_mono,366063,366035,366063,+,FALSE,sigA_mono
TU8J2-204_from_sigF_mono,4204900,4205517,4204900,+,FALSE,sigF_mono
TU8J2-468,3328762,3334990,3328762,+,FALSE,NaN
TU8J2-843,1559309,1565315,1559309,+,FALSE,NaN
TU8J2-800,1918406,1919692,1918406,+,FALSE,NaN
TU8J2-1283_from_sigA_mono,3451248,3451071,3451071,-,TURE,sigA_mono
TU8J2-19_from_sigA_mono,2880466,2880469,2880469,-,FALSE,sigA_mono
TU8J2-453,3414023,3413357,3413357,-,FALSE,NaN
TU8J2-829_from_sigD_mono,1671166,1671651,1671651,-,FALSE,sigD_mono
TU8J2-786_from_sigH_mono,1999849,1999815,1999815,-,FALSE,sigH_mono
TU8J2-1269,3410466,3412094,3410466,+,TURE,NaN
TU8J2-175,261656,262603,262603,-,FALSE,NaN
TU8J2-439_from_sigA_mono,3536012,3540727,3536012,+,FALSE,sigA_mono
TU8J2-771,2076206,2078626,2076206,+,TURE,NaN
TU8J2-1254_from_sigA_mono,2358911,2360143,2360143,-,TURE,sigA_mono
TU8J2-160,1153789,1156473,1153789,+,FALSE,NaN
TU8J2-424,3647406,3648581,3647406,+,FALSE,NaN
TU8J2-757_from_sigG_mono,2156239,2156457,2156239,+,FALSE,sigG_mono
TU8J2-124,2678240,2678419,2678240,+,FALSE,NaN
TU8J2-1569,3795491,3795853,3795491,+,TURE,NaN
TU8J2-41_from_sigA_mono,3768791,3768423,3768423,-,FALSE,sigA_mono
TU8J2-742_from_sigG_mono,2308495,2308764,2308495,+,FALSE,sigG_mono
TU8J2-122_from_sigA_mono,2811717,2810528,2810528,-,FALSE,sigA_mono
TU8J2-1554,3510780,3512471,3510780,+,TURE,NaN
TU8J2-396,3741732,3742040,3742040,-,FALSE,NaN
TU8J2-728_from_sigA_mono,2364589,2363878,2363878,-,FALSE,sigA_mono
TU8J2-1205_from_sigF_mono,35531,35725,35531,+,FALSE,sigF_mono
TU8J2-154_from_sigA_mono,3628310,3628240,3628240,-,FALSE,sigA_mono
TU8J2-1537,3320324,3321220,3321220,-,TURE,NaN
TU8J2-379_from_sigA_mono,3771000,3772133,3772133,-,FALSE,sigA_mono
TU8J2-710,2436045,2436917,2436045,+,FALSE,NaN
TU8J2-1189_from_sigA_mono,76984,78897,76984,+,FALSE,sigA_mono
TU8J2-1522,3182707,3183195,3182707,+,TURE,NaN
TU8J2-364,3803081,3803281,3803281,-,FALSE,NaN
TU8J2-696_from_sigA_mono,2473151,2473987,2473151,+,FALSE,sigA_mono
TU8J2-1174_from_sigA_mono,202547,203458,203458,-,TURE,sigA_mono
TU8J2-1508,3021233,3022036,3021233,+,TURE,NaN
TU8J2-35_from_sigA_mono,1029577,1028523,1028523,-,FALSE,sigA_mono
TU8J2-681_from_sigH_mono,2518023,2518826,2518826,-,FALSE,sigH_mono
TU8J2-116_from_sigA_mono,3111327,3111337,3111337,-,FALSE,sigA_mono
TU8J2-1494,2698893,2699243,2698893,+,TURE,NaN
TU8J2-335_from_sigL_mono,3880740,3882014,3882014,-,FALSE,sigL_mono
TU8J2-667_from_sigB_mono,2562966,2563802,2563802,-,FALSE,sigB_mono
TU8J2-1145,298466,299398,298466,+,FALSE,NaN
TU8J2-148,1055143,1056216,1056216,-,FALSE,NaN
TU8J2-32_from_sigA_mono,3177086,3171950,3171950,-,FALSE,sigA_mono
TU8J2-652,2641214,2642035,2641214,+,FALSE,NaN
TU8J2-1130,337562,338158,337562,+,TURE,NaN
TU8J2-1465,2203779,2204003,2203779,+,TURE,NaN
TU8J2-305,3957391,3958482,3957391,+,FALSE,NaN
TU8J2-638,2769850,2771207,2769850,+,FALSE,NaN
TU8J2-1116,375166,375160,375160,-,FALSE,NaN
TU8J2-1453,2127813,2128421,2127813,+,TURE,NaN
TU8J2-3027_from_sigI_mono,1487038,1488868,1487038,+,TURE,sigI_mono
TU8J2-623_from_sigA_mono,2849569,2851258,2849569,+,FALSE,sigA_mono
TU8J2-1101_from_sigA_mono,440025,441464,441464,-,FALSE,sigA_mono
TU8J2-1439,2048533,2049453,2048533,+,TURE,NaN
TU8J2-301_from_sigF_mono,3964997,3966640,3964997,+,FALSE,sigF_mono
TU8J2-609_from_sigA_mono,2884781,2886043,2886043,-,FALSE,sigA_mono
TU8J2-1088,463496,463783,463783,-,FALSE,NaN
TU8J2-985,914457,916013,916013,-,TURE,NaN
TU8J2-1424,1655599,1655787,1655787,-,TURE,NaN
TU8J2-2994,1233405,1233543,1233405,+,TURE,NaN
TU8J2-595,2918646,2916342,2916342,-,FALSE,NaN
TU8J2-1073_from_sigE_mono,515016,515615,515615,-,FALSE,sigE_mono
TU8J2-970,935656,938154,935656,+,FALSE,NaN
TU8J2-141,2272156,2272491,2272156,+,FALSE,NaN
TU8J2-2968,3314828,3313773,3313773,-,TURE,NaN
TU8J2-580,2955783,2956508,2956508,-,FALSE,NaN
TU8J2-1059,627284,628612,627284,+,TURE,NaN
TU8J2-956_from_sigG_mono,997175,997597,997175,+,FALSE,sigG_mono
TU8J2-1396,1317157,1317414,1317414,-,TURE,NaN
TU8J2-2952_from_sigA_mono,257791,258807,257791,+,TURE,sigA_mono
TU8J2-566_from_sigE_mono,2994756,2995597,2994756,+,TURE,sigE_mono
TU8J2-1044_from_sigA_mono,692740,694281,692740,+,FALSE,sigA_mono
TU8J2-941_from_sigB_mono,1030265,1031994,1030265,+,FALSE,sigB_mono
TU8J2-1381,1166737,1168191,1166737,+,TURE,NaN
TU8J2-286,3995075,3996307,3995075,+,FALSE,NaN
TU8J2-551_from_sigA_mono,3029729,3031417,3031417,-,FALSE,sigA_mono
TU8J2-103,2663929,2663913,2663913,-,FALSE,NaN
TU8J2-927,1107733,1108704,1107733,+,FALSE,NaN
TU8J2-1367,1040861,1041709,1041709,-,TURE,NaN
TU8J2-271,4036784,4036298,4036298,-,FALSE,NaN
TU8J2-537,3061651,3063807,3063807,-,FALSE,NaN
TU8J2-1015,836653,838742,836653,+,FALSE,NaN
TU8J2-912_from_sigA_mono,1195034,1204420,1195034,+,FALSE,sigA_mono
TU8J2-1352,731954,732823,732823,-,TURE,NaN
TU8J2-257_from_sigA_mono,4081942,4073953,4073953,-,FALSE,sigA_mono
TU8J2-522,3121538,3122641,3122641,-,FALSE,NaN
TU8J2-1000,876426,877403,876426,+,FALSE,NaN
TU8J2-899_from_sigA_mono,1258492,1260778,1258492,+,FALSE,sigA_mono
TU8J2-1338,576209,576802,576209,+,TURE,NaN
TU8J2-242,4109185,4109616,4109616,-,FALSE,NaN
TU8J2-508,3163237,3163704,3163237,+,FALSE,NaN
TU8J2-884_from_sigA_mono,1360401,1365800,1360401,+,FALSE,sigA_mono
TU8J2-1323,340613,341374,341374,-,TURE,NaN
TU8J2-494_from_sigG_mono,3224864,3225100,3224864,+,FALSE,sigG_mono
TU8J2-87_from_sigW_mono,2777877,2778419,2778419,-,FALSE,sigW_mono
TU8J2-1309_from_sigA_mono,2678343,2678565,2678565,-,TURE,sigA_mono
TU8J2-216,4173114,4176525,4173114,+,FALSE,NaN
TU8J2-48_from_sigB_mono,3136238,3136675,3136675,-,FALSE,sigB_mono
TU8J2-855,1493787,1494362,1493787,+,FALSE,NaN
TU8J2-812,1865512,1865787,1865787,-,FALSE,NaN
TU8J2-1295_from_sigA_mono,3812542,3813063,3813063,-,FALSE,sigA_mono
TU8J2-201,4211510,4208748,4208748,-,FALSE,NaN
TU8J2-465,3352789,3347905,3347905,-,FALSE,NaN
TU8J2-840_from_sigE_mono,1576129,1576710,1576129,+,FALSE,sigE_mono
TU8J2-799,1919861,1921864,1919861,+,FALSE,NaN
TU8J2-1280,2862572,2863141,2863141,-,TURE,NaN
TU8J2-187_from_sigE_mono,1252177,1252533,1252177,+,FALSE,sigE_mono
TU8J2-450_from_sigB_mono,3427802,3428287,3427802,+,FALSE,sigB_mono
TU8J2-826,1680431,1682519,1680431,+,FALSE,NaN
TU8J2-783_from_sigB_mono,2019421,2021144,2019421,+,FALSE,sigB_mono
TU8J2-1266_from_sigF_mono,60130,60360,60130,+,TURE,sigF_mono
TU8J2-172_from_sigA_mono,2787846,2784918,2784918,-,FALSE,sigA_mono
TU8J2-436_from_sigB_mono,3546234,3546827,3546234,+,FALSE,sigB_mono
TU8J2-769_from_sigA_mono,2089396,2090454,2089396,+,FALSE,sigA_mono
TU8J2-1251,1252815,1253073,1252815,+,FALSE,NaN
TU8J2-1580_from_sigA_mono,2515614,2514900,2514900,-,TURE,sigA_mono
TU8J2-421_from_sigB_mono,3665629,3666507,3665629,+,FALSE,sigB_mono
TU8J2-754,2288669,2290006,2290006,-,FALSE,NaN
TU8J2-1237_from_sigA_mono,277160,278280,277160,+,FALSE,sigA_mono
TU8J2-1566,3762664,3764112,3762664,+,TURE,NaN
TU8J2-407,3714002,3714679,3714679,-,FALSE,NaN
TU8J2-74,1930264,1930698,1930264,+,TURE,NaN
TU8J2-1217_from_sigA_mono,243892,245046,243892,+,FALSE,sigA_mono
TU8J2-1551,3474106,3475923,3475923,-,TURE,NaN
TU8J2-393_from_sigE_mono,3748717,3746245,3746245,-,FALSE,sigE_mono
TU8J2-725_from_sigH_mono,2385543,2385821,2385821,-,FALSE,sigH_mono
TU8J2-1202,45633,47627,45633,+,FALSE,NaN
TU8J2-722_from_sigG_mono,2399152,2399117,2399117,-,FALSE,sigG_mono
TU8J2-120,1129715,1130704,1129715,+,FALSE,NaN
TU8J2-1534,3310386,3310721,3310386,+,TURE,NaN
TU8J2-376,3774655,3775329,3775329,-,FALSE,NaN
TU8J2-708_from_sigA_mono,2447246,2447233,2447233,-,FALSE,sigA_mono
TU8J2-1186_from_sigB_mono,101449,108558,101449,+,FALSE,sigB_mono
TU8J2-152_from_sigA_mono,3670035,3669911,3669911,-,FALSE,sigA_mono
TU8J2-361_from_sigH_mono,3809550,3809924,3809924,-,TURE,sigH_mono
TU8J2-693_from_sigX_mono,2476969,2477730,2476969,+,FALSE,sigX_mono
TU8J2-1171_from_sigA_mono,213941,220032,213941,+,FALSE,sigA_mono
TU8J2-1505,2831915,2832367,2831915,+,TURE,NaN
TU8J2-347_from_sigA_mono,3848786,3848725,3848725,-,FALSE,sigA_mono
TU8J2-679,2522324,2522287,2522287,-,FALSE,NaN
TU8J2-1157,267890,276758,267890,+,FALSE,NaN
TU8J2-1491,2650487,2651380,2651380,-,TURE,NaN
TU8J2-332,3895805,3894401,3894401,-,FALSE,NaN
TU8J2-664_from_sigE_mono,2588701,2590256,2588701,+,FALSE,sigE_mono
TU8J2-1142,304430,305551,304430,+,FALSE,NaN
TU8J2-1477,2564638,2564883,2564638,+,TURE,NaN
TU8J2-317,3929105,3927932,3927932,-,TURE,NaN
TU8J2-65_from_sigE_mono,2337577,2337996,2337577,+,FALSE,sigE_mono
TU8J2-1128,339156,339749,339749,-,FALSE,NaN
TU8J2-1462,2195173,2195547,2195173,+,TURE,NaN
TU8J2-3039_from_sigB_mono,3036529,3036310,3036310,-,FALSE,sigB_mono
TU8J2-635,2802358,2805313,2802358,+,FALSE,NaN
TU8J2-1113,403217,404443,403217,+,FALSE,NaN
TU8J2-1450,2106490,2107455,2106490,+,TURE,NaN
TU8J2-3024_from_sigG_mono,3390782,3394414,3390782,+,TURE,sigG_mono
TU8J2-620,2854880,2855164,2855164,-,FALSE,NaN
TU8J2-11_from_sigA_mono,101449,108558,101449,+,FALSE,sigA_mono
TU8J2-997,883758,885808,883758,+,FALSE,NaN
TU8J2-1436,2040673,2041029,2040673,+,TURE,NaN
TU8J2-3007,1717933,1721083,1717933,+,TURE,NaN
TU8J2-606,2897788,2898123,2897788,+,FALSE,NaN
TU8J2-1085_from_sigA_mono,476059,476493,476059,+,TURE,sigA_mono
TU8J2-982,919366,920343,920343,-,FALSE,NaN
TU8J2-1421,1565347,1565709,1565709,-,TURE,NaN
TU8J2-299,3971060,3972433,3971060,+,FALSE,NaN
TU8J2-592,2926031,2926972,2926031,+,FALSE,NaN
TU8J2-1070_from_sigA_mono,519408,524249,519408,+,FALSE,sigA_mono
TU8J2-968_from_sigA_mono,944487,944924,944487,+,FALSE,sigA_mono
TU8J2-1407,1433199,1433636,1433199,+,TURE,NaN
TU8J2-2964_from_sigM_mono,474731,475540,474731,+,TURE,sigM_mono
TU8J2-578_from_sigA_mono,2959257,2961188,2961188,-,FALSE,sigA_mono
TU8J2-1056,659623,663027,659623,+,TURE,NaN
TU8J2-953_from_sigA_mono,1004975,1006642,1004975,+,FALSE,sigA_mono
TU8J2-1393,1290675,1290953,1290953,-,TURE,NaN
TU8J2-295,3981227,3982915,3981227,+,TURE,NaN
TU8J2-563_from_sigA_mono,3008249,2999698,2999698,-,FALSE,sigA_mono
TU8J2-1041,726035,726733,726733,-,FALSE,NaN
TU8J2-939_from_sigE_mono,1052162,1052172,1052172,-,FALSE,sigE_mono
TU8J2-1379,1159922,1160746,1159922,+,TURE,NaN
TU8J2-283,3999350,4000486,3999350,+,FALSE,NaN
TU8J2-549,3033167,3033658,3033167,+,FALSE,NaN
TU8J2-1027,814384,815940,815940,-,FALSE,NaN
TU8J2-924_from_sigE_mono,1115698,1116555,1115698,+,FALSE,sigE_mono
TU8J2-1364,1010984,1011226,1011226,-,TURE,NaN
TU8J2-269,4039466,4040875,4040875,-,FALSE,NaN
TU8J2-534_from_sigW_mono,3071400,3071403,3071403,-,FALSE,sigW_mono
TU8J2-1012_from_sigA_mono,850367,854272,850367,+,FALSE,sigA_mono
TU8J2-91_from_sigA_mono,626622,633862,626622,+,TURE,sigA_mono
TU8J2-135,2991269,2994616,2994616,-,TURE,NaN
TU8J2-254_from_sigB_mono,4088002,4089387,4088002,+,FALSE,sigB_mono
TU8J2-52_from_sigB_mono,1999849,1999815,1999815,-,FALSE,sigB_mono
TU8J2-1_from_sigA_mono,1540036,1541601,1541601,-,FALSE,sigA_mono
TU8J2-896,1280626,1280874,1280874,-,FALSE,NaN
TU8J2-1335,563614,564486,564486,-,TURE,NaN
TU8J2-24_from_sigA_mono,3911477,3911303,3911303,-,FALSE,sigA_mono
TU8J2-505_from_sigW_mono,3182015,3180447,3180447,-,FALSE,sigW_mono
TU8J2-881_from_sigA_mono,1380978,1381403,1380978,+,FALSE,sigA_mono
TU8J2-1320,303804,304307,304307,-,TURE,NaN
TU8J2-228_from_sigL_mono,4144301,4142601,4142601,-,FALSE,sigL_mono
TU8J2-491,3228431,3228691,3228691,-,FALSE,NaN
TU8J2-867,1448506,1449132,1448506,+,FALSE,NaN
TU8J2-1306_from_sigA_mono,3756044,3756134,3756134,-,TURE,sigA_mono
TU8J2-213,4179163,4180377,4180377,-,FALSE,NaN
TU8J2-477,3259403,3260875,3260875,-,FALSE,NaN
TU8J2-852,1507578,1511163,1507578,+,FALSE,NaN
TU8J2-81_from_sigM_mono,3758547,3759128,3758547,+,FALSE,sigM_mono
TU8J2-1292,3533196,3532810,3532810,-,TURE,NaN
TU8J2-199_from_sigA_mono,4215255,4215389,4215389,-,FALSE,sigA_mono
TU8J2-462_from_sigA_mono,3383565,3384026,3383565,+,FALSE,sigA_mono
TU8J2-838,1580121,1584097,1580121,+,FALSE,NaN
TU8J2-796_from_sigA_mono,1923234,1924962,1923234,+,FALSE,sigA_mono
TU8J2-1278_from_sigA_mono,1298612,1300252,1298612,+,TURE,sigA_mono
TU8J2-184_from_sigA_mono,1423241,1423233,1423233,-,FALSE,sigA_mono
TU8J2-448_from_sigE_mono,3438065,3438060,3438060,-,FALSE,sigE_mono
TU8J2-8231,448461,446788,446788,-,TURE,NaN
TU8J2-780_from_sigG_mono,2029020,2029313,2029020,+,FALSE,sigG_mono
TU8J2-1263,90536,96221,90536,+,TURE,NaN
TU8J2-17_from_sigA_mono,3665629,3666507,3665629,+,FALSE,sigA_mono
TU8J2-433,3612945,3612937,3612937,-,FALSE,NaN
TU8J2-766_from_sigA_mono,2095909,2096111,2096111,-,FALSE,sigA_mono
TU8J2-1249,1253385,1253639,1253385,+,FALSE,NaN
TU8J2-1578,3443896,3444201,3444201,-,TURE,NaN
TU8J2-419_from_sigA_mono,3681370,3683318,3681370,+,FALSE,sigA_mono
TU8J2-751,2295302,2295943,2295302,+,FALSE,NaN
TU8J2-1233,3867493,3868272,3867493,+,TURE,NaN
TU8J2-1563,3723454,3724335,3723454,+,TURE,NaN
TU8J2-404,3717238,3717825,3717238,+,FALSE,NaN
TU8J2-737,2312529,2316110,2316110,-,TURE,NaN
TU8J2-1214_from_sigA_mono,6994,9459,6994,+,FALSE,sigA_mono
TU8J2-1549,3471266,3471823,3471266,+,TURE,NaN
TU8J2-390_from_sigA_mono,3752280,3753752,3753752,-,FALSE,sigA_mono
TU8J2-72_from_sigF_mono,3861437,3862213,3861437,+,FALSE,sigF_mono
TU8J2-1198_from_sigA_mono,52763,53023,52763,+,FALSE,sigA_mono
TU8J2-1531,3302623,3302763,3302763,-,TURE,NaN
TU8J2-373,3777949,3779259,3779259,-,FALSE,NaN
TU8J2-705_from_sigA_mono,2455819,2455774,2455774,-,TURE,sigA_mono
TU8J2-1183_from_sigA_mono,116600,117256,116600,+,TURE,sigA_mono
TU8J2-1517,3106210,3106995,3106210,+,TURE,NaN
TU8J2-359_from_sigA_mono,3810693,3812300,3812300,-,FALSE,sigA_mono
TU8J2-690,2482269,2482159,2482159,-,FALSE,NaN
TU8J2-1169_from_sigD_mono,225064,226248,225064,+,FALSE,sigD_mono
TU8J2-1502,2788680,2788883,2788680,+,TURE,NaN
TU8J2-344,3857017,3858417,3858417,-,FALSE,NaN
TU8J2-676,2531718,2530333,2530333,-,FALSE,NaN
TU8J2-1154,283003,283734,283003,+,FALSE,NaN
TU8J2-1489,2637369,2637503,2637369,+,TURE,NaN
TU8J2-33_from_sigA_mono,946696,953294,946696,+,FALSE,sigA_mono
TU8J2-661,2603373,2601329,2601329,-,FALSE,NaN
TU8J2-114_from_sigA_mono,1008668,1010969,1008668,+,FALSE,sigA_mono
TU8J2-1474,2435012,2435224,2435012,+,TURE,NaN
TU8J2-314,3937553,3938230,3938230,-,FALSE,NaN
TU8J2-647_from_sigE_mono,2653371,2654873,2654873,-,FALSE,sigE_mono
TU8J2-1125,352858,353868,352858,+,FALSE,NaN
TU8J2-146,1447251,1447541,1447251,+,FALSE,NaN
TU8J2-3036,531787,545975,531787,+,TURE,NaN
TU8J2-632,2818494,2820050,2818494,+,FALSE,NaN
TU8J2-1110,410656,409951,409951,-,FALSE,NaN
TU8J2-1448,2098316,2098792,2098792,-,TURE,NaN
TU8J2-302_from_sigG_mono,3964278,3964249,3964249,-,FALSE,sigG_mono
TU8J2-618,2860735,2858582,2858582,-,FALSE,NaN
TU8J2-1097,449198,449551,449198,+,FALSE,NaN
TU8J2-994,897588,898867,897588,+,FALSE,NaN
TU8J2-1433,2004677,2006440,2004677,+,TURE,NaN
TU8J2-3004,4051602,4050310,4050310,-,TURE,NaN
TU8J2-603,2900020,2900529,2900529,-,TURE,NaN
TU8J2-1082_from_sigB_mono,492989,492911,492911,-,FALSE,sigB_mono
TU8J2-98,1350482,1350469,1350469,-,FALSE,NaN
TU8J2-1419,1549465,1550793,1549465,+,TURE,NaN
TU8J2-2984,595109,596002,596002,-,TURE,NaN
TU8J2-59_from_sigE_mono,2386195,2387673,2387673,-,FALSE,sigE_mono
TU8J2-1068,592303,593205,593205,-,FALSE,NaN
TU8J2-965,959311,959508,959311,+,FALSE,NaN
TU8J2-1404,1417938,1418960,1418960,-,TURE,NaN
TU8J2-2961,474329,474597,474597,-,TURE,NaN
TU8J2-575_from_sigA_mono,2967032,2966793,2966793,-,FALSE,sigA_mono
TU8J2-1053_from_sigA_mono,667466,669992,667466,+,TURE,sigA_mono
TU8J2-950_from_sigE_mono,1015647,1017053,1015647,+,FALSE,sigE_mono
TU8J2-1390,1277686,1278165,1277686,+,TURE,NaN
TU8J2-2947,196213,199843,196213,+,TURE,NaN
TU8J2-560,3014514,3015026,3015026,-,FALSE,NaN
TU8J2-1039_from_sigA_mono,750959,752252,750959,+,FALSE,sigA_mono
TU8J2-936_from_sigA_mono,1057680,1059185,1057680,+,FALSE,sigA_mono
TU8J2-1376,1133498,1135225,1133498,+,TURE,NaN
TU8J2-280,4005752,4006945,4005752,+,FALSE,NaN
TU8J2-546_from_sigA_mono,3036603,3037871,3037871,-,FALSE,sigA_mono
TU8J2-1024,819311,818829,818829,-,FALSE,NaN
TU8J2-921,1117734,1118633,1118633,-,FALSE,NaN
TU8J2-1361,984901,985731,984901,+,TURE,NaN
TU8J2-266,4054354,4054281,4054281,-,TURE,NaN
TU8J2-531,3085800,3087296,3087296,-,FALSE,NaN
TU8J2-101,2576367,2577181,2576367,+,FALSE,NaN
TU8J2-907_from_sigE_mono,1228135,1228791,1228791,-,FALSE,sigE_mono
TU8J2-1347,644528,646456,646456,-,TURE,NaN
TU8J2-251,4092695,4093837,4093837,-,FALSE,NaN
TU8J2-517_from_sigF_mono,3134983,3135459,3135459,-,FALSE,sigF_mono
TU8J2-893_from_sigB_mono,1284870,1285445,1285445,-,FALSE,sigB_mono
TU8J2-1332,551519,551929,551519,+,TURE,NaN
TU8J2-237,4122619,4122605,4122605,-,FALSE,NaN
TU8J2-502_from_sigD_mono,3208280,3208154,3208154,-,FALSE,sigD_mono
TU8J2-879_from_sigB_mono,1382020,1382430,1382020,+,FALSE,sigB_mono
TU8J2-1318,292881,293264,293264,-,TURE,NaN
TU8J2-225_from_sigA_mono,4155433,4156725,4156725,-,FALSE,sigA_mono
TU8J2-489_from_sigA_mono,3230067,3231785,3230067,+,FALSE,sigA_mono
TU8J2-864_from_sigA_mono,1457187,1461362,1457187,+,FALSE,sigA_mono
TU8J2-1303,344551,348571,344551,+,TURE,NaN
TU8J2-210_from_sigA_mono,4189091,4189057,4189057,-,FALSE,sigA_mono
TU8J2-474_from_sigA_mono,3291511,3287655,3287655,-,FALSE,sigA_mono
TU8J2-85,1226938,1228092,1226938,+,FALSE,NaN
TU8J2-807_from_sigA_mono,1887352,1890375,1887352,+,FALSE,sigA_mono
TU8J2-129,1150206,1148712,1148712,-,FALSE,NaN
TU8J2-196,989712,990680,989712,+,FALSE,NaN
TU8J2-46_from_sigA_mono,3445442,3446077,3446077,-,FALSE,sigA_mono
TU8J2-835_from_sigH_mono,1596474,1598980,1596474,+,FALSE,sigH_mono
TU8J2-793_from_sigG_mono,1926306,1926274,1926274,-,FALSE,sigG_mono
TU8J2-1275,3346298,3347026,3346298,+,TURE,NaN
TU8J2-181_from_sigA_mono,839735,839653,839653,-,FALSE,sigA_mono
TU8J2-445_from_sigA_mono,3484072,3485466,3485466,-,FALSE,sigA_mono
TU8J2-821,1731776,1736804,1731776,+,FALSE,NaN
TU8J2-778,2032927,2033625,2033625,-,FALSE,NaN
TU8J2-1260,1227697,1228092,1227697,+,TURE,NaN
TU8J2-167_from_sigE_mono,1905809,1906207,1905809,+,FALSE,sigE_mono
TU8J2-430_from_sigD_mono,3634425,3632491,3632491,-,FALSE,sigD_mono
TU8J2-763_from_sigA_mono,2108774,2108758,2108758,-,FALSE,sigA_mono
TU8J2-1246_from_sigA_mono,3687597,3688547,3688547,-,FALSE,sigA_mono
TU8J2-1575,4194389,4195744,4194389,+,TURE,NaN
TU8J2-416_from_sigG_mono,3688812,3692496,3688812,+,FALSE,sigG_mono
TU8J2-749,2297984,2298517,2298517,-,FALSE,NaN
TU8J2-1226,2079096,2079203,2079096,+,TURE,NaN
TU8J2-1560,3602074,3602547,3602074,+,TURE,NaN
TU8J2-401,3722568,3722789,3722789,-,FALSE,NaN
TU8J2-734_from_sigA_mono,2324613,2322964,2322964,-,FALSE,sigA_mono
TU8J2-1211,19062,20558,19062,+,FALSE,NaN
TU8J2-1546,3426749,3427579,3427579,-,TURE,NaN
TU8J2-388_from_sigA_mono,3756790,3758366,3756790,+,FALSE,sigA_mono
TU8J2-385_from_sigF_mono,3759702,3760553,3760553,-,FALSE,sigF_mono
TU8J2-717_from_sigA_mono,2420804,2417184,2417184,-,FALSE,sigA_mono
TU8J2-1195_from_sigH_mono,55866,56159,55866,+,FALSE,sigH_mono
TU8J2-1529,3298077,3298553,3298077,+,TURE,NaN
TU8J2-370_from_sigA_mono,3789190,3790437,3790437,-,FALSE,sigA_mono
TU8J2-702,2460278,2460502,2460502,-,FALSE,NaN
TU8J2-1180_from_sigG_mono,158515,159072,159072,-,FALSE,sigG_mono
TU8J2-1514,3066451,3067386,3066451,+,TURE,NaN
TU8J2-356,3819220,3819744,3819744,-,FALSE,NaN
TU8J2-688,2493064,2493501,2493501,-,FALSE,NaN
TU8J2-1166,228549,229352,229352,-,FALSE,NaN
TU8J2-150,718622,724825,718622,+,FALSE,NaN
TU8J2-341,3863415,3864260,3864260,-,FALSE,NaN
TU8J2-673,2548245,2546876,2546876,-,FALSE,NaN
TU8J2-1151_from_sigA_mono,290132,290092,290092,-,FALSE,sigA_mono
TU8J2-1486,2625952,2626042,2625952,+,TURE,NaN
TU8J2-326,3906142,3906972,3906972,-,FALSE,NaN
TU8J2-659_from_sigB_mono,2610927,2610946,2610946,-,TURE,sigB_mono
TU8J2-1137_from_sigA_mono,324038,325189,325189,-,FALSE,sigA_mono
TU8J2-1471,2393428,2393559,2393428,+,TURE,NaN
TU8J2-311_from_sigB_mono,3944560,3945420,3945420,-,FALSE,sigB_mono
TU8J2-644,2714933,2715493,2715493,-,FALSE,NaN
TU8J2-1122_from_sigA_mono,364259,366035,364259,+,FALSE,sigA_mono
TU8J2-1457,2152927,2153169,2152927,+,TURE,NaN
TU8J2-3033_from_sigA_mono,1354285,1357418,1354285,+,TURE,sigA_mono
TU8J2-63_from_sigE_mono,1135699,1136136,1136136,-,TURE,sigE_mono
TU8J2-1108_from_sigA_mono,416235,417713,417713,-,FALSE,sigA_mono
TU8J2-1445,2084786,2085109,2085109,-,TURE,NaN
TU8J2-3017_from_sigI_mono,1516574,1516473,1516473,-,TURE,sigI_mono
TU8J2-615_from_sigA_mono,2866664,2866604,2866604,-,FALSE,sigA_mono
TU8J2-1094,454029,454592,454029,+,FALSE,NaN
TU8J2-991,903811,905672,903811,+,FALSE,NaN
TU8J2-1430,1916006,1916545,1916545,-,TURE,NaN
TU8J2-3001,2756312,2758001,2756312,+,TURE,NaN
TU8J2-600_from_sigA_mono,2908129,2906332,2906332,-,FALSE,sigA_mono
TU8J2-108,2339226,2339180,2339180,-,FALSE,NaN
TU8J2-977,925633,926743,925633,+,FALSE,NaN
TU8J2-1416,1534279,1535751,1535751,-,TURE,NaN
TU8J2-298_from_sigB_mono,3972448,3973278,3973278,-,FALSE,sigB_mono
TU8J2-587,2935967,2936209,2936209,-,FALSE,NaN
TU8J2-1065_from_sigG_mono,600229,600906,600906,-,FALSE,sigG_mono
TU8J2-962_from_sigE_mono,973156,975051,973156,+,FALSE,sigE_mono
TU8J2-1401,1398975,1400096,1400096,-,TURE,NaN
TU8J2-2959,3644607,3645296,3645296,-,FALSE,NaN
TU8J2-572_from_sigA_mono,2981151,2979672,2979672,-,FALSE,sigA_mono
TU8J2-1050_from_sigA_mono,676442,677863,676442,+,FALSE,sigA_mono
TU8J2-948_from_sigA_mono,1018998,1020002,1018998,+,FALSE,sigA_mono
TU8J2-1388,1253713,1255992,1255992,-,TURE,NaN
TU8J2-292,3985351,3985230,3985230,-,FALSE,NaN
TU8J2-558,3016646,3017635,3017635,-,FALSE,NaN
TU8J2-1036,796314,798233,796314,+,FALSE,NaN
TU8J2-933,1083229,1083729,1083729,-,FALSE,NaN
TU8J2-1373,1072768,1073109,1072768,+,TURE,NaN
TU8J2-278,4010404,4011684,4010404,+,TURE,NaN
TU8J2-543,3044165,3043294,3043294,-,FALSE,NaN
TU8J2-1021,827455,827802,827455,+,FALSE,NaN
TU8J2-919,1121036,1121398,1121398,-,TURE,NaN
TU8J2-1359,954579,954851,954851,-,TURE,NaN
TU8J2-263,4065074,4064496,4064496,-,FALSE,NaN
TU8J2-529,3095665,3096564,3096564,-,FALSE,NaN
TU8J2-1007,865205,867125,865205,+,FALSE,NaN
TU8J2-904_from_sigD_mono,1235163,1235708,1235708,-,FALSE,sigD_mono
TU8J2-1344,613641,614849,613641,+,TURE,NaN
TU8J2-249,4095915,4095835,4095835,-,FALSE,NaN
TU8J2-514,3145038,3142964,3142964,-,FALSE,NaN
TU8J2-890_from_sigA_mono,1315869,1317129,1315869,+,FALSE,sigA_mono
TU8J2-133,1269733,1270080,1270080,-,FALSE,NaN
TU8J2-234_from_sigA_mono,4128119,4130044,4128119,+,FALSE,sigA_mono
TU8J2-50_from_sigB_mono,3964997,3966640,3964997,+,FALSE,sigB_mono
TU8J2-876,1397938,1398363,1397938,+,FALSE,NaN
TU8J2-1315,159182,159778,159182,+,TURE,NaN
TU8J2-222,4159577,4160998,4159577,+,FALSE,NaN
TU8J2-486,3239930,3241009,3239930,+,FALSE,NaN
TU8J2-861_from_sigH_mono,1470026,1471846,1470026,+,FALSE,sigH_mono
TU8J2-1300_from_sigB_mono,3138978,3139226,3139226,-,TURE,sigB_mono
TU8J2-208,4191198,4193267,4191198,+,FALSE,NaN
TU8J2-471,3303042,3304022,3303042,+,FALSE,NaN
TU8J2-847_from_sigP_mono,1541886,1544896,1541886,+,FALSE,sigP_mono
TU8J2-804,1904995,1905195,1905195,-,FALSE,NaN
TU8J2-1287_from_sigA_mono,3595356,3598020,3595356,+,TURE,sigA_mono
TU8J2-193,1172650,1174091,1172650,+,FALSE,NaN
TU8J2-457_from_sigF_mono,3390782,3394414,3390782,+,TURE,sigF_mono
TU8J2-832_from_sigA_mono,1630382,1636091,1630382,+,FALSE,sigA_mono
TU8J2-790_from_sigG_mono,1930264,1930698,1930264,+,FALSE,sigG_mono
TU8J2-1272,625125,626291,626291,-,FALSE,NaN
TU8J2-179_from_sigG_mono,3445442,3446077,3446077,-,FALSE,sigG_mono
TU8J2-442,3513887,3514105,3513887,+,FALSE,NaN
TU8J2-819,1743924,1744181,1743924,+,FALSE,NaN
TU8J2-775_from_sigE_mono,2046980,2047411,2047411,-,FALSE,sigE_mono
TU8J2-1258,1178757,1180595,1180595,-,TURE,NaN
TU8J2-164,3455472,3456242,3455472,+,FALSE,NaN
TU8J2-428_from_sigA_mono,3636046,3636695,3636695,-,FALSE,sigA_mono
TU8J2-760,2148676,2150037,2148676,+,FALSE,NaN
TU8J2-1243,2410017,2410589,2410589,-,TURE,NaN
TU8J2-1572,3935824,3937014,3937014,-,TURE,NaN
TU8J2-413,3696257,3697498,3697498,-,FALSE,NaN
TU8J2-746,2300762,2302438,2302438,-,FALSE,NaN
TU8J2-1223_from_sigA_mono,1100980,1102521,1100980,+,FALSE,sigA_mono
TU8J2-1558,3568282,3568491,3568282,+,TURE,NaN
TU8J2-4_from_sigA_mono,2610927,2610946,2610946,-,TURE,sigA_mono
TU8J2-731_from_sigG_mono,2339670,2339774,2339670,+,FALSE,sigG_mono
TU8J2-1209_from_sigE_mono,23868,25151,25151,-,FALSE,sigE_mono
TU8J2-1543,3388113,3388988,3388113,+,TURE,NaN
TU8J2-382,3765469,3766110,3766110,-,FALSE,NaN
TU8J2-714,2426867,2427391,2426867,+,FALSE,NaN
TU8J2-1192,64817,70012,64817,+,FALSE,NaN
TU8J2-1526,3246152,3246367,3246367,-,TURE,NaN
TU8J2-368,3794166,3794609,3794609,-,FALSE,NaN
TU8J2-7_from_sigA_mono,3546234,3546827,3546234,+,FALSE,sigA_mono
TU8J2-1178_from_sigA_mono,182370,180347,180347,-,FALSE,sigA_mono
TU8J2-1511,3055247,3056320,3056320,-,TURE,NaN
TU8J2-353_from_sigA_mono,3830141,3830617,3830617,-,FALSE,sigA_mono
TU8J2-685,2504789,2506867,2506867,-,TURE,NaN
TU8J2-1163,231348,232967,231348,+,FALSE,NaN
TU8J2-1498,2747984,2748817,2748817,-,TURE,NaN
TU8J2-339_from_sigA_mono,3865355,3866326,3866326,-,FALSE,sigA_mono
TU8J2-670,2555519,2555845,2555519,+,TURE,NaN
TU8J2-1149,292205,292843,292205,+,FALSE,NaN
TU8J2-1483,2590804,2591385,2590804,+,TURE,NaN
TU8J2-323,3912332,3913513,3913513,-,FALSE,NaN
TU8J2-656_from_sigA_mono,2630910,2623032,2623032,-,FALSE,sigA_mono
TU8J2-1134_from_sigA_mono,327618,329597,327618,+,FALSE,sigA_mono
TU8J2-1469,2339799,2340761,2340761,-,TURE,NaN
TU8J2-309,3948555,3949922,3948555,+,FALSE,NaN
TU8J2-641_from_sigA_mono,2729753,2727202,2727202,-,FALSE,sigA_mono
TU8J2-112,3113187,3113194,3113194,-,FALSE,NaN
TU8J2-14564,1285591,1289101,1285591,+,TURE,NaN
TU8J2-3030_from_sigA_mono,2494656,2496734,2494656,+,TURE,sigA_mono
TU8J2-627_from_sigB_mono,2837469,2837421,2837421,-,FALSE,sigB_mono
TU8J2-1105,435036,435989,435036,+,FALSE,NaN
TU8J2-1442,2056650,2057006,2057006,-,TURE,NaN
TU8J2-3013,3185092,3185075,3185075,-,TURE,NaN
TU8J2-612,2879363,2879860,2879363,+,FALSE,NaN
TU8J2-1091,456068,456817,456068,+,FALSE,NaN
TU8J2-989,910019,910651,910019,+,FALSE,NaN
TU8J2-1428,1902219,1903058,1902219,+,TURE,NaN
TU8J2-3_from_sigA_mono,44848,45138,45138,-,FALSE,sigA_mono
TU8J2-599,2909030,2909476,2909030,+,FALSE,NaN
TU8J2-1077,506322,506619,506619,-,FALSE,NaN
TU8J2-974_from_sigB_mono,928803,930585,928803,+,FALSE,sigB_mono
TU8J2-1413,1511923,1512192,1512192,-,TURE,NaN
TU8J2-2974_from_sigA_mono,1577409,1579995,1577409,+,TURE,sigA_mono
TU8J2-584_from_sigW_mono,2951490,2951882,2951490,+,FALSE,sigW_mono
TU8J2-1062_from_sigE_mono,616672,617934,616672,+,TURE,sigE_mono
TU8J2-96,3646753,3648581,3646753,+,FALSE,NaN
TU8J2-14_from_sigA_mono,1716493,1717789,1716493,+,TURE,sigA_mono
TU8J2-2956_from_sigA_mono,1749418,1751085,1749418,+,TURE,sigA_mono
TU8J2-57_from_sigD_mono,3952275,3957250,3952275,+,FALSE,sigD_mono
TU8J2-1048_from_sigA_mono,679390,679761,679390,+,FALSE,sigA_mono
TU8J2-945_from_sigB_mono,1022231,1023100,1022231,+,FALSE,sigB_mono
TU8J2-1385,1204731,1204916,1204916,-,TURE,NaN
TU8J2-29_from_sigA_mono,3744349,3745413,3744349,+,FALSE,sigA_mono
TU8J2-555_from_sigW_mono,3020040,3020027,3020027,-,FALSE,sigW_mono
TU8J2-1033,804657,805364,805364,-,FALSE,NaN
TU8J2-930_from_sigF_mono,1102560,1102955,1102955,-,FALSE,sigF_mono
TU8J2-1370,1062279,1062464,1062464,-,TURE,NaN
TU8J2-275,4017508,4017426,4017426,-,FALSE,NaN
TU8J2-540,3048177,3049475,3049475,-,FALSE,NaN
TU8J2-1019,829382,830818,829382,+,FALSE,NaN
TU8J2-916_from_sigA_mono,1136320,1143505,1136320,+,FALSE,sigA_mono
TU8J2-1356,791462,792532,792532,-,TURE,NaN
TU8J2-260,4066607,4067005,4067005,-,FALSE,NaN
TU8J2-526,3107232,3108425,3108425,-,FALSE,NaN
TU8J2-1004_from_sigG_mono,869559,870350,869559,+,FALSE,sigG_mono
TU8J2-901,1250016,1249888,1249888,-,FALSE,NaN
TU8J2-1341,583589,585037,583589,+,TURE,NaN
TU8J2-246,4104444,4104899,4104444,+,FALSE,NaN
TU8J2-511,3157961,3159184,3157961,+,FALSE,NaN
TU8J2-888,1322014,1323717,1322014,+,FALSE,NaN
TU8J2-1327,455771,455935,455935,-,TURE,NaN
TU8J2-231,4138800,4137610,4137610,-,FALSE,NaN
TU8J2-498,3216163,3217452,3217452,-,FALSE,NaN
TU8J2-873_from_sigA_mono,1430684,1430941,1430684,+,FALSE,sigA_mono
TU8J2-1312,3239930,3244616,3239930,+,TURE,NaN
TU8J2-22_from_sigA_mono,1206629,1207788,1206629,+,FALSE,sigA_mono
TU8J2-483_from_sigA_mono,3252804,3252785,3252785,-,FALSE,sigA_mono
TU8J2-859,1474560,1475024,1475024,-,FALSE,NaN
TU8J2-1299_from_sigA_mono,3138978,3139226,3139226,-,TURE,sigA_mono
TU8J2-205_from_sigE_mono,4203424,4204440,4204440,-,FALSE,sigE_mono
TU8J2-469_from_sigA_mono,3327247,3328587,3328587,-,FALSE,sigA_mono
TU8J2-844_from_sigE_mono,1558034,1558954,1558954,-,FALSE,sigE_mono
TU8J2-801,1917639,1918256,1918256,-,FALSE,NaN
TU8J2-1284,3450712,3451071,3451071,-,TURE,NaN
TU8J2-190,2133455,2134495,2133455,+,FALSE,NaN
TU8J2-454_from_sigB_mono,3405664,3406542,3406542,-,FALSE,sigB_mono
TU8J2-83_from_sigW_mono,1517865,1518143,1517865,+,FALSE,sigW_mono
TU8J2-787_from_sigE_mono,1956218,1953166,1953166,-,FALSE,sigE_mono
TU8J2-127,20880,22157,20880,+,FALSE,NaN
TU8J2-176_from_sigA_mono,264191,264168,264168,-,FALSE,sigA_mono
TU8J2-44_from_sigA_mono,3134983,3135459,3135459,-,FALSE,sigA_mono
TU8J2-816_from_sigX_mono,1765859,1767034,1765859,+,FALSE,sigX_mono
TU8J2-772_from_sigW_mono,2070244,2071086,2071086,-,FALSE,sigW_mono
TU8J2-1255_from_sigA_mono,618095,619282,618095,+,TURE,sigA_mono
TU8J2-161,2269521,2265671,2265671,-,FALSE,NaN
TU8J2-425_from_sigA_mono,3645379,3645296,3645296,-,FALSE,sigA_mono
TU8J2-758_from_sigB_mono,2153171,2153356,2153356,-,FALSE,sigB_mono
TU8J2-1240,893904,897433,893904,+,FALSE,NaN
TU8J2-157,1189646,1190005,1189646,+,FALSE,NaN
TU8J2-410,3707144,3707680,3707144,+,FALSE,NaN
TU8J2-743_from_sigD_mono,2308157,2308339,2308339,-,FALSE,sigD_mono
TU8J2-1220_from_sigI_mono,1247788,1248564,1247788,+,FALSE,sigI_mono
TU8J2-1555,3544642,3545604,3544642,+,TURE,NaN
TU8J2-397,3740206,3739982,3739982,-,TURE,NaN
TU8J2-729_from_sigE_mono,2361544,2362338,2362338,-,FALSE,sigE_mono
TU8J2-1206_from_sigA_mono,30279,35355,30279,+,FALSE,sigA_mono
TU8J2-1540,3372569,3372715,3372569,+,TURE,NaN
TU8J2-1538,3321455,3322435,3321455,+,TURE,NaN
TU8J2-38_from_sigA_mono,2518023,2518826,2518826,-,FALSE,sigA_mono
TU8J2-711_from_sigA_mono,2435360,2435791,2435791,-,FALSE,sigA_mono
TU8J2-119_from_sigM_mono,2757492,2758001,2757492,+,FALSE,sigM_mono
TU8J2-1523,3193863,3194348,3193863,+,TURE,NaN
TU8J2-365_from_sigA_mono,3800418,3800336,3800336,-,FALSE,sigA_mono
TU8J2-697,2471787,2468545,2468545,-,FALSE,NaN
TU8J2-1175_from_sigW_mono,194849,196052,194849,+,FALSE,sigW_mono
TU8J2-1509,3031614,3032420,3031614,+,TURE,NaN
TU8J2-350_from_sigA_mono,3836058,3842995,3836058,+,FALSE,sigA_mono
TU8J2-682,2516440,2517558,2516440,+,FALSE,NaN
TU8J2-1160_from_sigW_mono,249979,251319,249979,+,FALSE,sigW_mono
TU8J2-1495,2721778,2722644,2721778,+,TURE,NaN
TU8J2-336_from_sigL_mono,3878966,3877192,3877192,-,FALSE,sigL_mono
TU8J2-668_from_sigB_mono,2560489,2561442,2561442,-,FALSE,sigB_mono
TU8J2-1146,296429,298330,296429,+,FALSE,NaN
TU8J2-1480,2586813,2587580,2586813,+,TURE,NaN
TU8J2-320,3918777,3919022,3918777,+,FALSE,NaN
TU8J2-653_from_sigA_mono,2640513,2639873,2639873,-,TURE,sigA_mono
TU8J2-1131_from_sigE_mono,334630,336090,334630,+,FALSE,sigE_mono
TU8J2-1466,2228756,2229166,2229166,-,TURE,NaN
TU8J2-306_from_sigX_mono,3952275,3952257,3952275,+,FALSE,sigX_mono
TU8J2-639_from_sigL_mono,2762395,2760152,2760152,-,FALSE,sigL_mono
TU8J2-1117_from_sigD_mono,372771,374492,374492,-,TURE,sigD_mono
TU8J2-1454,2131902,2133302,2133302,-,TURE,NaN
TU8J2-3028,3127825,2843065,2843065,-,TURE,NaN
TU8J2-624,2847871,2847061,2847061,-,TURE,NaN
TU8J2-1102,439709,440023,439709,+,FALSE,NaN
TU8J2-144,2064540,2064163,2064163,-,FALSE,NaN
TU8J2-3010_from_sigA_mono,3096782,3102179,3096782,+,TURE,sigA_mono
TU8J2-61_from_sigE_mono,1874203,1875171,1874203,+,FALSE,sigE_mono
TU8J2-1089,463245,463490,463245,+,TURE,NaN
TU8J2-986,913924,914460,913924,+,FALSE,NaN
TU8J2-1425,1895378,1896013,1896013,-,TURE,NaN
TU8J2-2996,1656064,1658103,1656064,+,TURE,NaN
TU8J2-596_from_sigA_mono,2912732,2914216,2914216,-,FALSE,sigA_mono
TU8J2-1074_from_sigW_mono,512814,514764,512814,+,FALSE,sigW_mono
TU8J2-971,934457,935440,935440,-,FALSE,NaN
TU8J2-1410,1462813,1463493,1463493,-,TURE,NaN
TU8J2-297_from_sigA_mono,3977791,3975091,3975091,-,FALSE,sigA_mono
TU8J2-581,2954492,2955187,2955187,-,FALSE,NaN
TU8J2-106,3365069,3364962,3364962,-,FALSE,NaN
TU8J2-957_from_sigG_mono,989022,989591,989022,+,FALSE,sigG_mono
TU8J2-1397,1317535,1318488,1317535,+,TURE,NaN
TU8J2-2953_from_sigA_mono,3594242,3595174,3595174,-,TURE,sigA_mono
TU8J2-567,2989900,2991132,2991132,-,FALSE,NaN
TU8J2-1045_from_sigA_mono,685155,686564,686564,-,FALSE,sigA_mono
TU8J2-942_from_sigM_mono,1029577,1028523,1028523,-,FALSE,sigM_mono
TU8J2-1382,1168199,1168837,1168837,-,TURE,NaN
TU8J2-287,3992671,3993144,3992671,+,TURE,NaN
TU8J2-552,3028297,3029634,3028297,+,FALSE,NaN
TU8J2-1030,809557,811446,809557,+,FALSE,NaN
TU8J2-928_from_sigA_mono,1104423,1105568,1105568,-,FALSE,sigA_mono
TU8J2-1368,1041994,1042842,1041994,+,TURE,NaN
TU8J2-272_from_sigA_mono,4033778,4032243,4032243,-,FALSE,sigA_mono
TU8J2-538,3059547,3060188,3060188,-,FALSE,NaN
TU8J2-1016,837735,838010,838010,-,FALSE,NaN
TU8J2-913_from_sigG_mono,1169043,1169849,1169043,+,FALSE,sigG_mono
TU8J2-1353,738995,739897,739897,-,TURE,NaN
TU8J2-258,4072284,4072287,4072287,-,FALSE,NaN
TU8J2-523_from_sigA_mono,3118847,3119410,3119410,-,FALSE,sigA_mono
TU8J2-1001,872425,874802,872425,+,FALSE,NaN
TU8J2-9_from_sigA_mono,3385724,3387753,3385724,+,FALSE,sigA_mono
TU8J2-1339,576946,578133,578133,-,TURE,NaN
TU8J2-243,4108058,4109128,4108058,+,FALSE,NaN
TU8J2-509,3162084,3163157,3162084,+,TURE,NaN
TU8J2-885,1359454,1360272,1359454,+,FALSE,NaN
TU8J2-1324,406131,407465,406131,+,TURE,NaN
TU8J2-495,3223471,3224634,3224634,-,FALSE,NaN
TU8J2-870_from_sigA_mono,1435628,1437727,1437727,-,FALSE,sigA_mono
TU8J2-131_from_sigA_mono,1868617,1872748,1868617,+,FALSE,sigA_mono
TU8J2-217,4169166,4169612,4169612,-,FALSE,NaN
TU8J2-480_from_sigA_mono,3257092,3257232,3257232,-,FALSE,sigA_mono
TU8J2-856_from_sigA_mono,1487038,1488868,1487038,+,TURE,sigA_mono
TU8J2-813,1775745,1780220,1775745,+,FALSE,NaN
TU8J2-1296_from_sigD_mono,3640285,3638234,3638234,-,FALSE,sigD_mono
TU8J2-202,4207406,4207846,4207406,+,FALSE,NaN
TU8J2-466_from_sigA_mono,3342433,3342416,3342416,-,FALSE,sigA_mono
TU8J2-841_from_sigE_mono,1570574,1571800,1571800,-,FALSE,sigE_mono
TU8J2-8_from_sigA_mono,3615116,3615346,3615346,-,FALSE,sigA_mono
TU8J2-1281_from_sigA_mono,3455093,3451071,3451071,-,TURE,sigA_mono
TU8J2-188,3132370,3134956,3132370,+,FALSE,NaN
TU8J2-451_from_sigG_mono,3421465,3421605,3421605,-,TURE,sigG_mono
TU8J2-827,1673620,1674137,1673620,+,FALSE,NaN
TU8J2-784_from_sigA_mono,2014779,2015681,2014779,+,FALSE,sigA_mono
TU8J2-1267,355764,355351,355351,-,FALSE,NaN
TU8J2-173_from_sigA_mono,986986,988377,986986,+,FALSE,sigA_mono
TU8J2-437_from_sigG_mono,2897788,2898123,2898123,-,FALSE,sigG_mono
TU8J2-77_from_sigG_mono,2931692,2931907,2931692,+,FALSE,sigG_mono
TU8J2-1252,1253103,1253252,1253103,+,FALSE,NaN
TU8J2-159,3409462,3409458,3409458,-,TURE,NaN
TU8J2-422_from_sigX_mono,3663281,3664201,3663281,+,FALSE,sigX_mono
TU8J2-755,2288194,2288619,2288194,+,FALSE,NaN
TU8J2-1238,633473,633925,633925,-,FALSE,NaN
TU8J2-1567,3765051,3765434,3765051,+,TURE,NaN
TU8J2-408_from_sigA_mono,3709628,3709566,3709566,-,FALSE,sigA_mono
TU8J2-740_from_sigG_mono,2310859,2310987,2310859,+,TURE,sigG_mono
TU8J2-1218_from_sigA_mono,1208222,1210424,1208222,+,FALSE,sigA_mono
TU8J2-1552,3476043,3476510,3476043,+,TURE,NaN
TU8J2-394_from_sigX_mono,3744349,3745413,3744349,+,FALSE,sigX_mono
TU8J2-726_from_sigA_mono,2384783,2384761,2384761,-,FALSE,sigA_mono
TU8J2-1203_from_sigA_mono,44848,45138,45138,-,FALSE,sigA_mono
TU8J2-1535,3317502,3318002,3317502,+,TURE,NaN
TU8J2-377_from_sigB_mono,3774400,3774561,3774561,-,FALSE,sigB_mono
TU8J2-709_from_sigG_mono,2445094,2444196,2444196,-,FALSE,sigG_mono
TU8J2-1187_from_sigA_mono,82864,90226,82864,+,FALSE,sigA_mono
TU8J2-1520,3138097,3138324,3138097,+,TURE,NaN
TU8J2-362,3808512,3808392,3808392,-,FALSE,NaN
TU8J2-694,2475843,2476859,2475843,+,FALSE,NaN
TU8J2-1172,211859,213031,211859,+,FALSE,NaN
TU8J2-1506,2869754,2869945,2869754,+,TURE,NaN
TU8J2-348,3847348,3847821,3847348,+,FALSE,NaN
TU8J2-68_from_sigE_mono,3622356,3623798,3623798,-,FALSE,sigE_mono
TU8J2-1158_from_sigA_mono,259016,260086,259016,+,FALSE,sigA_mono
TU8J2-1492,2651632,2652354,2651632,+,TURE,NaN
TU8J2-333_from_sigE_mono,3893441,3893986,3893441,+,FALSE,sigE_mono
TU8J2-665_from_sigA_mono,2580715,2577992,2577992,-,FALSE,sigA_mono
TU8J2-1143,300830,302248,300830,+,FALSE,NaN
TU8J2-1478,2564923,2565558,2565558,-,TURE,NaN
TU8J2-318,3925797,3926399,3926399,-,FALSE,NaN
TU8J2-650,2648903,2649655,2649655,-,FALSE,NaN
TU8J2-1129_from_sigB_mono,338288,339106,338288,+,FALSE,sigB_mono
TU8J2-1463,2195564,2195782,2195782,-,TURE,NaN
TU8J2-304_from_sigA_mono,3961566,3959844,3959844,-,FALSE,sigA_mono
TU8J2-636_from_sigX_mono,2777877,2778419,2778419,-,FALSE,sigX_mono
TU8J2-1114_from_sigA_mono,376968,403116,376968,+,FALSE,sigA_mono
TU8J2-1451,2126549,2126938,2126549,+,TURE,NaN
TU8J2-3025_from_sigI_mono,494506,494877,494506,+,FALSE,sigI_mono
TU8J2-621_from_sigA_mono,2853981,2853947,2853947,-,FALSE,sigA_mono
TU8J2-110_from_sigA_mono,2129082,2129066,2129066,-,FALSE,sigA_mono
TU8J2-998_from_sigL_mono,879002,883642,879002,+,FALSE,sigL_mono
TU8J2-1437,2044956,2045828,2045828,-,TURE,NaN
TU8J2-3008,1719802,1721083,1719802,+,TURE,NaN
TU8J2-607_from_sigA_mono,2895248,2889539,2889539,-,FALSE,sigA_mono
TU8J2-1086_from_sigB_mono,471709,474225,471709,+,FALSE,sigB_mono
TU8J2-983,916778,919348,916778,+,FALSE,NaN
TU8J2-1422,1576767,1577249,1577249,-,TURE,NaN
TU8J2-2990,518657,519293,518657,+,TURE,NaN
TU8J2-593,2925100,2925633,2925633,-,FALSE,NaN
TU8J2-1071,518943,519293,518943,+,FALSE,NaN
TU8J2-969_from_sigE_mono,936773,936997,936997,-,FALSE,sigE_mono
TU8J2-1408,1442347,1442703,1442703,-,TURE,NaN
TU8J2-2965_from_sigA_mono,120061,119995,120061,+,TURE,sigA_mono
TU8J2-579,2958434,2959216,2958434,+,FALSE,NaN
TU8J2-1057,655223,657697,655223,+,FALSE,NaN
TU8J2-954_from_sigA_mono,1002501,1004834,1002501,+,FALSE,sigA_mono
TU8J2-1394,1293776,1293964,1293964,-,TURE,NaN
TU8J2-2950,848633,847258,847258,-,TURE,NaN
TU8J2-564,2997301,2998620,2998620,-,TURE,NaN
TU8J2-1042_from_sigA_mono,698612,711416,698612,+,FALSE,sigA_mono
TU8J2-94,966196,966669,966669,-,FALSE,NaN
TU8J2-138,2561585,2562913,2561585,+,FALSE,NaN
TU8J2-284,3997964,3999097,3997964,+,FALSE,NaN
TU8J2-55_from_sigB_mono,3047593,3047083,3047083,-,FALSE,sigB_mono
TU8J2-1028_from_sigA_mono,812140,813818,812140,+,FALSE,sigA_mono
TU8J2-925_from_sigF_mono,1114057,1115586,1115586,-,FALSE,sigF_mono
TU8J2-1365,1011427,1011750,1011427,+,TURE,NaN
TU8J2-27_from_sigA_mono,620097,620031,620031,-,FALSE,sigA_mono
TU8J2-535,3068908,3070206,3068908,+,FALSE,NaN
TU8J2-1013_from_sigB_mono,844770,846185,844770,+,FALSE,sigB_mono
TU8J2-910_from_sigA_mono,1206629,1207788,1206629,+,FALSE,sigA_mono
TU8J2-1350,713308,713535,713535,-,TURE,NaN
TU8J2-255,4086802,4087764,4086802,+,FALSE,NaN
TU8J2-520,3127825,3129027,3129027,-,FALSE,NaN
TU8J2-10_from_sigA_mono,1558034,1558954,1558954,-,FALSE,sigA_mono
TU8J2-897_from_sigE_mono,1277062,1277457,1277457,-,FALSE,sigE_mono
TU8J2-1336,574690,575562,574690,+,TURE,NaN
TU8J2-240_from_sigA_mono,4112073,4111980,4111980,-,FALSE,sigA_mono
TU8J2-506_from_sigA_mono,3177086,3171950,3171950,-,FALSE,sigA_mono
TU8J2-882_from_sigA_mono,1372792,1373991,1372792,+,FALSE,sigA_mono
TU8J2-1321,310880,311875,311875,-,TURE,NaN
TU8J2-229_from_sigA_mono,4140260,4141474,4140260,+,FALSE,sigA_mono
TU8J2-492,3227581,3228402,3227581,+,FALSE,NaN
TU8J2-868,1444099,1445541,1444099,+,TURE,NaN
TU8J2-1307_from_sigV_mono,2769850,2773646,2769850,+,TURE,sigV_mono
TU8J2-214,4178291,4179130,4178291,+,FALSE,NaN
TU8J2-478_from_sigA_mono,3258037,3259266,3259266,-,FALSE,sigA_mono
TU8J2-853_from_sigW_mono,1503582,1507298,1503582,+,FALSE,sigW_mono
TU8J2-810,1874203,1875171,1874203,+,FALSE,NaN
TU8J2-1293,3900963,3901778,3900963,+,FALSE,NaN
TU8J2-20_from_sigA_mono,3662789,3660609,3660609,-,FALSE,sigA_mono
TU8J2-463,3379112,3379939,3379939,-,FALSE,NaN
TU8J2-839_from_sigA_mono,1578376,1579995,1578376,+,FALSE,sigA_mono
TU8J2-797,1922841,1923014,1923014,-,FALSE,NaN
TU8J2-1279,1396013,1397368,1396013,+,FALSE,NaN
TU8J2-185_from_sigA_mono,1427061,1430120,1427061,+,FALSE,sigA_mono
TU8J2-449_from_sigA_mono,3432339,3432313,3432313,-,FALSE,sigA_mono
TU8J2-824,1683661,1685736,1683661,+,FALSE,NaN
TU8J2-781_from_sigW_mono,2028175,2028579,2028579,-,FALSE,sigW_mono
TU8J2-1264,90536,96221,90536,+,TURE,NaN
TU8J2-170,1174136,1174765,1174765,-,FALSE,NaN
TU8J2-434,3609420,3609902,3609902,-,FALSE,NaN
TU8J2-767_from_sigA_mono,2092899,2093762,2093762,-,FALSE,sigA_mono
TU8J2-125,1915221,1915979,1915221,+,FALSE,NaN
TU8J2-1579,478944,485956,478944,+,TURE,NaN
TU8J2-42_from_sigA_mono,312159,317603,312159,+,FALSE,sigA_mono
TU8J2-752,2292769,2292683,2292683,-,FALSE,NaN
TU8J2-1234_from_sigB_mono,522088,524249,522088,+,FALSE,sigB_mono
TU8J2-1564,3741182,3741592,3741182,+,TURE,NaN
TU8J2-405,3716009,3717097,3717097,-,TURE,NaN
TU8J2-738,2312207,2312464,2312464,-,FALSE,NaN
TU8J2-1215_from_sigA_mono,3206,6783,3206,+,FALSE,sigA_mono
TU8J2-155_from_sigA_mono,589717,591891,589717,+,FALSE,sigA_mono
TU8J2-391,3750768,3752174,3752174,-,FALSE,NaN
TU8J2-723_from_sigF_mono,2392751,2391864,2391864,-,FALSE,sigF_mono
TU8J2-1200,50087,51518,50087,+,FALSE,NaN
TU8J2-720,2411086,2412663,2411086,+,FALSE,NaN
TU8J2-1199,51680,52552,51680,+,FALSE,NaN
TU8J2-1532,3308867,3309934,3308867,+,TURE,NaN
TU8J2-374_from_sigE_mono,3776722,3777753,3777753,-,FALSE,sigE_mono
TU8J2-706_from_sigE_mono,2450403,2451047,2451047,-,TURE,sigE_mono
TU8J2-1184_from_sigA_mono,111047,116537,111047,+,FALSE,sigA_mono
TU8J2-1518,3123490,3124005,3123490,+,TURE,NaN
TU8J2-36_from_sigA_mono,2414627,2414691,2414691,-,FALSE,sigA_mono
TU8J2-691,2479156,2480625,2479156,+,FALSE,NaN
TU8J2-117,1552899,1557631,1552899,+,FALSE,NaN
TU8J2-1503,2812336,2813601,2812336,+,TURE,NaN
TU8J2-345_from_sigA_mono,3854256,3854136,3854136,-,FALSE,sigA_mono
TU8J2-677,2529267,2529255,2529255,-,FALSE,NaN
TU8J2-1155_from_sigE_mono,282469,282897,282469,+,FALSE,sigE_mono
TU8J2-149,1064846,1069986,1064846,+,FALSE,NaN
TU8J2-330,3897685,3898362,3898362,-,FALSE,NaN
TU8J2-662,2595669,2596412,2595669,+,FALSE,NaN
TU8J2-1140_from_sigW_mono,312159,317603,312159,+,FALSE,sigW_mono
TU8J2-1475,2544995,2545375,2544995,+,TURE,NaN
TU8J2-315,3937135,3937515,3937135,+,FALSE,NaN
TU8J2-648,2652219,2700977,2652219,+,FALSE,NaN
TU8J2-1126,342538,343494,342538,+,FALSE,NaN
TU8J2-1460,2193248,2193661,2193661,-,TURE,NaN
TU8J2-3037,531130,530611,530611,-,TURE,NaN
TU8J2-633_from_sigF_mono,2789686,2789621,2789621,-,FALSE,sigF_mono
TU8J2-1111,408240,408887,408887,-,FALSE,NaN
TU8J2-1449,2104934,2106271,2106271,-,TURE,NaN
TU8J2-3020,3574363,3575784,3575784,-,TURE,NaN
TU8J2-619_from_sigE_mono,2856832,2856839,2856839,-,FALSE,sigE_mono
TU8J2-1098,448461,449033,449033,-,TURE,NaN
TU8J2-995_from_sigA_mono,890022,893798,890022,+,FALSE,sigA_mono
TU8J2-1434,2007526,2008515,2007526,+,TURE,NaN
TU8J2-3005,1717933,1718673,1717933,+,TURE,NaN
TU8J2-604_from_sigB_mono,2898931,2899752,2898931,+,FALSE,sigB_mono
TU8J2-1083,491147,492424,492424,-,FALSE,NaN
TU8J2-980,922618,923499,922618,+,TURE,NaN
TU8J2-142,2187819,2187756,2187756,-,TURE,NaN
TU8J2-2986,1761707,1763204,1761707,+,TURE,NaN
TU8J2-590,2930827,2931573,2931573,-,FALSE,NaN
TU8J2-1069,547306,548557,547306,+,FALSE,NaN
TU8J2-966_from_sigH_mono,953373,954149,954149,-,FALSE,sigH_mono
TU8J2-1405,1430161,1430481,1430481,-,TURE,NaN
TU8J2-2962,245190,246131,245190,+,TURE,NaN
TU8J2-576,2965681,2966139,2966139,-,FALSE,NaN
TU8J2-1054,664775,667264,667264,-,FALSE,NaN
TU8J2-951,1013411,1013851,1013851,-,FALSE,NaN
TU8J2-1391_from_sigA_mono,1281128,1282531,1281128,+,TURE,sigA_mono
TU8J2-2948,1272725,1276291,1272725,+,TURE,NaN
TU8J2-561_from_sigB_mono,3009915,3010598,3010598,-,FALSE,sigB_mono
TU8J2-104,2661102,2663290,2661102,+,FALSE,NaN
TU8J2-937_from_sigE_mono,1056702,1057568,1056702,+,FALSE,sigE_mono
TU8J2-1377,1156504,1157091,1157091,-,TURE,NaN
TU8J2-281_from_sigA_mono,4004288,4005322,4005322,-,FALSE,sigA_mono
TU8J2-547_from_sigA_mono,3035730,3035721,3035730,+,FALSE,sigA_mono
TU8J2-1025,817311,817757,817311,+,FALSE,NaN
TU8J2-922_from_sigA_mono,1117109,1117687,1117109,+,FALSE,sigA_mono
TU8J2-1362,985734,986813,986813,-,TURE,NaN
TU8J2-267,4052379,4050310,4050310,-,FALSE,NaN
TU8J2-532_from_sigE_mono,3078393,3078575,3078575,-,FALSE,sigE_mono
TU8J2-1010,859745,860263,859745,+,FALSE,NaN
TU8J2-908_from_sigX_mono,1226938,1228092,1226938,+,FALSE,sigX_mono
TU8J2-1348,711456,711875,711875,-,TURE,NaN
TU8J2-252,4091845,4092666,4091845,+,FALSE,NaN
TU8J2-518,3131152,3131394,3131394,-,FALSE,NaN
TU8J2-894_from_sigD_mono,1283169,1283336,1283336,-,FALSE,sigD_mono
TU8J2-1333,552052,552501,552501,-,TURE,NaN
TU8J2-238_from_sigA_mono,4118950,4121056,4118950,+,FALSE,sigA_mono
TU8J2-503_from_sigD_mono,3204067,3206055,3206055,-,FALSE,sigD_mono
TU8J2-88_from_sigW_mono,3759169,3759591,3759591,-,FALSE,sigW_mono
TU8J2-1319,293499,294575,293499,+,TURE,NaN
TU8J2-226,4153696,4148769,4148769,-,FALSE,NaN
TU8J2-49_from_sigB_mono,4008143,4008093,4008093,-,FALSE,sigB_mono
TU8J2-865_from_sigA_mono,1451371,1453284,1451371,+,FALSE,sigA_mono
TU8J2-1304,2952828,2952583,2952583,-,FALSE,NaN
TU8J2-211,4184017,4185065,4184017,+,TURE,NaN
TU8J2-475_from_sigA_mono,3278325,3279461,3278325,+,FALSE,sigA_mono
TU8J2-850_from_sigX_mono,1517865,1518143,1517865,+,FALSE,sigX_mono
TU8J2-808,1880087,1880377,1880087,+,FALSE,NaN
TU8J2-1290,1071402,1071699,1071402,+,FALSE,NaN
TU8J2-197,1567651,1568304,1567651,+,FALSE,NaN
TU8J2-460,3384070,3385446,3385446,-,FALSE,NaN
TU8J2-836,1586330,1596300,1586330,+,FALSE,NaN
TU8J2-794,1925655,1926047,1926047,-,FALSE,NaN
TU8J2-1276_from_sigA_mono,1606560,1607354,1606560,+,TURE,sigA_mono
TU8J2-182,3512498,3513808,3513808,-,FALSE,NaN
TU8J2-446_from_sigA_mono,3482752,3477847,3477847,-,FALSE,sigA_mono
TU8J2-822_from_sigD_mono,1712815,1717789,1712815,+,TURE,sigD_mono
TU8J2-779_from_sigD_mono,2029429,2031114,2031114,-,FALSE,sigD_mono
TU8J2-1261,2096350,2096111,2096111,-,TURE,NaN
TU8J2-168_from_sigE_mono,1897941,1899125,1899125,-,FALSE,sigE_mono
TU8J2-431_from_sigH_mono,3631003,3631572,3631572,-,FALSE,sigH_mono
TU8J2-764_from_sigW_mono,2099446,2099790,2099790,-,FALSE,sigW_mono
TU8J2-1247,4199445,4198842,4198842,-,FALSE,NaN
TU8J2-1576,3443613,3443529,3443529,-,TURE,NaN
TU8J2-417_from_sigD_mono,3684826,3687468,3687468,-,FALSE,sigD_mono
TU8J2-75_from_sigF_mono,989022,989591,989022,+,FALSE,sigF_mono
TU8J2-123_from_sigH_mono,3798789,3799343,3798789,+,FALSE,sigH_mono
TU8J2-1561,3608991,3609221,3608991,+,TURE,NaN
TU8J2-402,3719134,3720711,3720711,-,FALSE,NaN
TU8J2-735,2320355,2321860,2321860,-,TURE,NaN
TU8J2-1212,15915,17381,15915,+,FALSE,NaN
TU8J2-1547,3444329,3445405,3444329,+,TURE,NaN
TU8J2-389,3753933,3755291,3755291,-,FALSE,NaN
TU8J2-386_from_sigX_mono,3759169,3759591,3759591,-,FALSE,sigX_mono
TU8J2-718_from_sigX_mono,2414627,2414691,2414691,-,FALSE,sigX_mono
TU8J2-1196,54441,55672,54441,+,FALSE,NaN
TU8J2-153_from_sigA_mono,1861384,1862712,1862712,-,FALSE,sigA_mono
TU8J2-371,3788426,3789055,3789055,-,FALSE,NaN
TU8J2-703,2459326,2460246,2459326,+,FALSE,NaN
TU8J2-1181_from_sigG_mono,156109,157325,156109,+,FALSE,sigG_mono
TU8J2-1515,3072401,3072622,3072401,+,TURE,NaN
TU8J2-357_from_sigB_mono,3818906,3819178,3818906,+,FALSE,sigB_mono
TU8J2-689,2483091,2483915,2483091,+,FALSE,NaN
TU8J2-1167_from_sigG_mono,228066,228522,228066,+,FALSE,sigG_mono
TU8J2-1500,2766558,2767946,2766558,+,TURE,NaN
TU8J2-342_from_sigG_mono,3861437,3862213,3861437,+,FALSE,sigG_mono
TU8J2-674_from_sigF_mono,2541051,2542442,2541051,+,FALSE,sigF_mono
TU8J2-1152,287499,288611,287499,+,FALSE,NaN
TU8J2-1487,2635815,2636081,2635815,+,TURE,NaN
TU8J2-327_from_sigA_mono,3905333,3906103,3905333,+,FALSE,sigA_mono
TU8J2-66_from_sigE_mono,2789686,2789621,2789621,-,FALSE,sigE_mono
TU8J2-1138_from_sigA_mono,321013,324000,321013,+,FALSE,sigA_mono
TU8J2-1472,2409729,2409977,2409729,+,TURE,NaN
TU8J2-312_from_sigA_mono,3942234,3944509,3942234,+,FALSE,sigA_mono
TU8J2-645,2659213,2660464,2659213,+,FALSE,NaN
TU8J2-1123_from_sigA_mono,362937,364142,362937,+,FALSE,sigA_mono
TU8J2-1458,2158439,2158684,2158439,+,TURE,NaN
TU8J2-3034,426577,430085,426577,+,FALSE,NaN
TU8J2-630_from_sigB_mono,2825846,2826169,2826169,-,TURE,sigB_mono
TU8J2-1109,415350,416195,415350,+,FALSE,NaN
TU8J2-1446,2085303,2085980,2085303,+,TURE,NaN
TU8J2-3018_from_sigI_mono,3758547,3759128,3758547,+,TURE,sigI_mono
TU8J2-616_from_sigA_mono,2864426,2865172,2865172,-,FALSE,sigA_mono
TU8J2-1095,452830,453894,452830,+,FALSE,NaN
TU8J2-992,900080,903687,900080,+,FALSE,NaN
TU8J2-1431,1938066,1938476,1938476,-,TURE,NaN
TU8J2-3002,2755987,2756181,2755987,+,TURE,NaN
TU8J2-601,2904727,2904951,2904951,-,FALSE,NaN
TU8J2-1080_from_sigB_mono,494506,494877,494506,+,FALSE,sigB_mono
TU8J2-978,924633,924401,924401,-,FALSE,NaN
TU8J2-1417,1535936,1536202,1535936,+,TURE,NaN
TU8J2-2980,2741357,2742112,2742112,-,TURE,NaN
TU8J2-588,2934594,2935928,2934594,+,FALSE,NaN
TU8J2-1066_from_sigB_mono,597114,598052,597114,+,TURE,sigB_mono
TU8J2-963,972099,972806,972099,+,FALSE,NaN
TU8J2-1402,1400188,1400739,1400188,+,TURE,NaN
TU8J2-296,3979753,3981105,3979753,+,FALSE,NaN
TU8J2-573_from_sigE_mono,2977800,2977807,2977807,-,FALSE,sigE_mono
TU8J2-1051,674832,675857,675857,-,FALSE,NaN
TU8J2-949_from_sigA_mono,1017083,1018468,1018468,-,FALSE,sigA_mono
TU8J2-1389,1256109,1256363,1256109,+,TURE,NaN
TU8J2-293,3983187,3984026,3984026,-,FALSE,NaN
TU8J2-559_from_sigA_mono,3015111,3016298,3016298,-,FALSE,sigA_mono
TU8J2-1037_from_sigE_mono,755907,757978,755907,+,TURE,sigE_mono
TU8J2-934_from_sigA_mono,1074646,1075164,1075164,-,FALSE,sigA_mono
TU8J2-1374,1074381,1074572,1074381,+,TURE,NaN
TU8J2-279,4008143,4008093,4008093,-,FALSE,NaN
TU8J2-544_from_sigA_mono,3040092,3042555,3040092,+,FALSE,sigA_mono
TU8J2-1022,825127,823040,823040,-,FALSE,NaN
TU8J2-92,2988693,2988708,2988708,-,FALSE,NaN
TU8J2-136,2911116,2912888,2912888,-,TURE,NaN
TU8J2-264,4062543,4062556,4062556,-,TURE,NaN
TU8J2-53_from_sigB_mono,2541051,2542442,2541051,+,FALSE,sigB_mono
TU8J2-1008,863862,865037,865037,-,FALSE,NaN
TU8J2-905,1229915,1231036,1229915,+,FALSE,NaN
TU8J2-1345,614885,615622,615622,-,TURE,NaN
TU8J2-25_from_sigA_mono,321013,324000,321013,+,FALSE,sigA_mono
TU8J2-515,3137495,3137968,3137968,-,FALSE,NaN
TU8J2-891_from_sigW_mono,1314453,1315724,1314453,+,FALSE,sigW_mono
TU8J2-1330,546166,546966,546966,-,TURE,NaN
TU8J2-235_from_sigA_mono,4127498,4124942,4124942,-,FALSE,sigA_mono
TU8J2-500,3212591,3213328,3212591,+,FALSE,NaN
TU8J2-877,1397411,1397743,1397743,-,FALSE,NaN
TU8J2-1316,281769,282155,282155,-,TURE,NaN
TU8J2-223_from_sigB_mono,4159005,4159205,4159005,+,FALSE,sigB_mono
TU8J2-487,891436,3238758,891436,+,FALSE,NaN
TU8J2-862_from_sigD_mono,1463628,1465595,1463628,+,FALSE,sigD_mono
TU8J2-1301_from_sigA_mono,965909,966178,965909,+,TURE,sigA_mono
TU8J2-209,4189406,4189645,4189406,+,FALSE,NaN
TU8J2-472,3292490,3293359,3293359,-,FALSE,NaN
TU8J2-848_from_sigA_mono,1528326,1533282,1528326,+,FALSE,sigA_mono
TU8J2-805_from_sigA_mono,1891908,1894895,1891908,+,FALSE,sigA_mono
TU8J2-1288,200277,202079,200277,+,TURE,NaN
TU8J2-194,1171755,1170476,1170476,-,FALSE,NaN
TU8J2-458_from_sigH_mono,3389024,3390412,3390412,-,FALSE,sigH_mono
TU8J2-833_from_sigA_mono,1618304,1620445,1618304,+,FALSE,sigA_mono
TU8J2-791,1929481,1929993,1929481,+,FALSE,NaN
TU8J2-1273,1234510,1234513,1234513,-,TURE,NaN
TU8J2-18_from_sigA_mono,2385543,2385821,2385821,-,FALSE,sigA_mono
TU8J2-443_from_sigA_mono,3507253,3502940,3502940,-,FALSE,sigA_mono
TU8J2-82,2432316,2432870,2432870,-,FALSE,NaN
TU8J2-776_from_sigG_mono,2041928,2042839,2042839,-,TURE,sigG_mono
TU8J2-1259,3603821,3603805,3603805,-,TURE,NaN
TU8J2-165,602441,602172,602172,-,TURE,NaN
TU8J2-429_from_sigD_mono,3634987,3635901,3635901,-,FALSE,sigD_mono
TU8J2-761,2148166,2146792,2146792,-,FALSE,NaN
TU8J2-1244_from_sigB_mono,2434143,2433885,2433885,-,TURE,sigB_mono
TU8J2-1573,4159253,4159456,4159456,-,TURE,NaN
TU8J2-414,3694239,3695207,3694239,+,FALSE,NaN
TU8J2-747,2300221,2300655,2300655,-,FALSE,NaN
TU8J2-1224_from_sigA_mono,1752278,1754641,1752278,+,FALSE,sigA_mono
TU8J2-1559,3598040,3601909,3601909,-,TURE,NaN
TU8J2-40_from_sigA_mono,2913024,2913338,2913338,-,FALSE,sigA_mono
TU8J2-732,2332784,2333011,2333011,-,FALSE,NaN
TU8J2-121_from_sigA_mono,1128286,1126328,1126328,-,FALSE,sigA_mono
TU8J2-1544,3404835,3405626,3404835,+,TURE,NaN
TU8J2-383_from_sigA_mono,3764133,3764906,3764906,-,FALSE,sigA_mono
TU8J2-715,2425831,2425193,2425193,-,FALSE,NaN
TU8J2-1193_from_sigG_mono,64099,64635,64099,+,FALSE,sigG_mono
TU8J2-1527,3263835,3264224,3263835,+,TURE,NaN
TU8J2-369,3791199,3791186,3791186,-,FALSE,NaN
TU8J2-700,2463571,2461860,2461860,-,FALSE,NaN
TU8J2-1179_from_sigE_mono,159779,160543,160543,-,FALSE,sigE_mono
TU8J2-1512,3056479,3056796,3056479,+,TURE,NaN
TU8J2-354_from_sigA_mono,3826259,3824229,3824229,-,FALSE,sigA_mono
TU8J2-686_from_sigL_mono,2503765,2498070,2498070,-,FALSE,sigL_mono
TU8J2-1164,230819,231079,231079,-,FALSE,NaN
TU8J2-1499,2755382,2755804,2755804,-,TURE,NaN
TU8J2-34_from_sigA_mono,9810,14810,9810,+,FALSE,sigA_mono
TU8J2-671_from_sigA_mono,2554486,2553866,2553866,-,FALSE,sigA_mono
TU8J2-115,3565496,3565521,3565521,-,FALSE,NaN
TU8J2-1484,2593000,2593254,2593000,+,TURE,NaN
TU8J2-324_from_sigD_mono,3911477,3911303,3911303,-,FALSE,sigD_mono
TU8J2-657_from_sigW_mono,2618466,2617424,2617424,-,FALSE,sigW_mono
TU8J2-1135,326888,327469,326888,+,TURE,NaN
TU8J2-147,1320570,1321166,1321166,-,TURE,NaN
TU8J2-31_from_sigA_mono,30279,35355,30279,+,FALSE,sigA_mono
TU8J2-642_from_sigA_mono,2725837,2726727,2725837,+,FALSE,sigA_mono
TU8J2-1120_from_sigG_mono,369773,370105,369773,+,FALSE,sigG_mono
TU8J2-14565,2781209,2784652,2781209,+,TURE,NaN
TU8J2-3031_from_sigA_mono,1946249,1948264,1946249,+,TURE,sigA_mono
TU8J2-628_from_sigE_mono,2829564,2831120,2829564,+,FALSE,sigE_mono
TU8J2-1106,430623,431987,431987,-,FALSE,NaN
TU8J2-1443,2060009,2060233,2060009,+,TURE,NaN
TU8J2-3015,3186763,3187305,3186763,+,TURE,NaN
TU8J2-613_from_sigA_mono,2877766,2874172,2874172,-,FALSE,sigA_mono
TU8J2-1092,455346,455738,455346,+,FALSE,NaN
TU8J2-99,3624821,3624828,3624828,-,FALSE,NaN
TU8J2-1429,1906272,1906706,1906706,-,TURE,NaN
TU8J2-30_from_sigA_mono,4215255,4215389,4215389,-,FALSE,sigA_mono
TU8J2-6_from_sigA_mono,1435628,1437727,1437727,-,FALSE,sigA_mono
TU8J2-1078,497768,501431,497768,+,FALSE,NaN
TU8J2-975_from_sigG_mono,928112,928264,928264,-,FALSE,sigG_mono
TU8J2-1414,1525386,1526159,1525386,+,TURE,NaN
TU8J2-2976,3604993,3606734,3604993,+,TURE,NaN
TU8J2-585_from_sigA_mono,2949053,2950024,2950024,-,FALSE,sigA_mono
TU8J2-1063,608246,608764,608764,-,FALSE,NaN
TU8J2-960,976569,984170,976569,+,FALSE,NaN
TU8J2-140,2271650,2271657,2271657,-,TURE,NaN
TU8J2-2957,1783763,1858521,1783763,+,TURE,NaN
TU8J2-570_from_sigE_mono,2983164,2984279,2983164,+,FALSE,sigE_mono
TU8J2-1049,677911,678951,678951,-,FALSE,NaN
TU8J2-946_from_sigA_mono,1021057,1022157,1021057,+,TURE,sigA_mono
TU8J2-1386,1207818,1208057,1208057,-,TURE,NaN
TU8J2-290,3987927,3988763,3988763,-,FALSE,NaN
TU8J2-556_from_sigF_mono,3018778,3018764,3018764,-,FALSE,sigF_mono
TU8J2-1034,803317,804546,804546,-,FALSE,NaN
TU8J2-931,1086117,1089609,1086117,+,FALSE,NaN
TU8J2-1371,1070364,1071242,1071242,-,TURE,NaN
TU8J2-276,4014682,4015968,4014682,+,FALSE,NaN
TU8J2-541_from_sigH_mono,3047593,3047083,3047083,-,FALSE,sigH_mono
TU8J2-102,715433,716745,715433,+,FALSE,NaN
TU8J2-917,1135699,1136136,1136136,-,TURE,NaN
TU8J2-1357,944959,945312,945312,-,TURE,NaN
TU8J2-261_from_sigG_mono,4066210,4066563,4066210,+,FALSE,sigG_mono
TU8J2-527,3102629,3105043,3105043,-,FALSE,NaN
TU8J2-1005,869273,869458,869273,+,FALSE,NaN
TU8J2-902_from_sigE_mono,1248665,1249348,1248665,+,FALSE,sigE_mono
TU8J2-1342,585155,585778,585778,-,TURE,NaN
TU8J2-247,4103762,4103661,4103661,-,TURE,NaN
TU8J2-512_from_sigG_mono,3154007,3154726,3154007,+,FALSE,sigG_mono
TU8J2-889,1321329,1321670,1321670,-,TURE,NaN
TU8J2-1328,470957,471502,471502,-,TURE,NaN
TU8J2-232,4135798,4137024,4137024,-,FALSE,NaN
TU8J2-499,3214372,3216036,3216036,-,FALSE,NaN
TU8J2-874_from_sigG_mono,1413800,1413994,1413994,-,FALSE,sigG_mono
TU8J2-1313_from_sigA_mono,3054188,3053348,3053348,-,TURE,sigA_mono
TU8J2-220,4167110,4167592,4167110,+,FALSE,NaN
TU8J2-484,3246598,3252366,3246598,+,FALSE,NaN
TU8J2-86_from_sigW_mono,2476969,2477730,2476969,+,FALSE,sigW_mono
TU8J2-13_from_sigA_mono,182370,180347,180347,-,FALSE,sigA_mono
TU8J2-206,4196786,4198538,4198538,-,TURE,NaN
TU8J2-47_from_sigB_mono,930818,931807,930818,+,FALSE,sigB_mono
TU8J2-845_from_sigG_mono,1548681,1549310,1549310,-,FALSE,sigG_mono
TU8J2-802_from_sigW_mono,1916663,1917097,1916663,+,FALSE,sigW_mono
TU8J2-1285,3450712,3451071,3451071,-,TURE,NaN
TU8J2-191,1958027,1959559,1959559,-,FALSE,NaN
TU8J2-455_from_sigA_mono,3398550,3395057,3395057,-,FALSE,sigA_mono
TU8J2-830_from_sigA_mono,1665710,1671129,1665710,+,FALSE,sigA_mono
TU8J2-789,1938925,1940322,1938925,+,FALSE,NaN
TU8J2-1270,3410007,3410345,3410007,+,TURE,NaN
TU8J2-177_from_sigA_mono,3467054,3467057,3467057,-,FALSE,sigA_mono
TU8J2-440_from_sigW_mono,3534118,3534102,3534102,-,FALSE,sigW_mono
TU8J2-817_from_sigA_mono,1764645,1765691,1764645,+,FALSE,sigA_mono
TU8J2-773,2062150,2063384,2062150,+,FALSE,NaN
TU8J2-1256,3398550,3398523,3398523,-,TURE,NaN
TU8J2-162,2267346,2265671,2265671,-,FALSE,NaN
TU8J2-426,3642697,3643539,3643539,-,FALSE,NaN
TU8J2-759,2150108,2151256,2151256,-,FALSE,NaN
TU8J2-1241,1211477,1217121,1211477,+,FALSE,NaN
TU8J2-1570,3830761,3831480,3830761,+,TURE,NaN
TU8J2-411_from_sigA_mono,3701411,3707062,3701411,+,TURE,sigA_mono
TU8J2-744,2305378,2306283,2305378,+,FALSE,NaN
TU8J2-1221,1092770,1093747,1093747,-,FALSE,NaN
TU8J2-1556,3559632,3559952,3559632,+,TURE,NaN
TU8J2-398,3735449,3738217,3735449,+,FALSE,NaN
TU8J2-73_from_sigF_mono,2519102,2520382,2520382,-,FALSE,sigF_mono
TU8J2-1207_from_sigE_mono,29772,30035,29772,+,TURE,sigE_mono
TU8J2-1541,3377893,3378780,3377893,+,TURE,NaN
TU8J2-380,3770365,3770292,3770292,-,FALSE,NaN
TU8J2-712,2432316,2432870,2432870,-,FALSE,NaN
TU8J2-1190_from_sigA_mono,70538,73021,70538,+,TURE,sigA_mono
TU8J2-1524,3231812,3232429,3232429,-,TURE,NaN
TU8J2-366,3795870,3796157,3796157,-,FALSE,NaN
TU8J2-698,2466721,2468162,2466721,+,TURE,NaN
TU8J2-1176,194205,194621,194205,+,FALSE,NaN
TU8J2-151,608933,612045,608933,+,FALSE,NaN
TU8J2-351,3833650,3835320,3835320,-,FALSE,NaN
TU8J2-683_from_sigE_mono,2512861,2508203,2508203,-,FALSE,sigE_mono
TU8J2-1161_from_sigX_mono,247744,249540,247744,+,FALSE,sigX_mono
TU8J2-1496,2742909,2743889,2742909,+,TURE,NaN
TU8J2-337,3874332,3875570,3875570,-,FALSE,NaN
TU8J2-669_from_sigA_mono,2559007,2556066,2556066,-,FALSE,sigA_mono
TU8J2-1147,295584,296285,296285,-,TURE,NaN
TU8J2-1481,2587996,2588424,2588424,-,TURE,NaN
TU8J2-321,3914315,3915305,3915305,-,FALSE,NaN
TU8J2-654_from_sigG_mono,2634505,2635611,2635611,-,TURE,sigG_mono
TU8J2-1132,332441,333979,333979,-,FALSE,NaN
TU8J2-1467,2329870,2330022,2329870,+,TURE,NaN
TU8J2-307,3950726,3951661,3951661,-,FALSE,NaN
TU8J2-64_from_sigE_mono,1172650,1174091,1172650,+,FALSE,sigE_mono
TU8J2-1118,372154,372127,372127,-,FALSE,NaN
TU8J2-1455,2136373,2136498,2136373,+,TURE,NaN
TU8J2-3029,2349358,2348841,2348841,-,TURE,NaN
TU8J2-625_from_sigE_mono,2844675,2844527,2844527,-,FALSE,sigE_mono
TU8J2-1103,439282,439265,439265,-,FALSE,NaN
TU8J2-1440,2050689,2050952,2050689,+,TURE,NaN
TU8J2-3011,462431,463072,462431,+,TURE,NaN
TU8J2-610_from_sigF_mono,2882971,2884629,2884629,-,FALSE,sigF_mono
TU8J2-109_from_sigA_mono,1353080,1354030,1353080,+,FALSE,sigA_mono
TU8J2-987,912547,912581,912581,-,FALSE,NaN
TU8J2-1426,1896424,1897839,1896424,+,TURE,NaN
TU8J2-2998,2955209,2955187,2955187,-,TURE,NaN
TU8J2-597_from_sigB_mono,2913024,2913338,2913338,-,FALSE,sigB_mono
TU8J2-1075_from_sigB_mono,507753,508073,508073,-,FALSE,sigB_mono
TU8J2-972,931879,934464,931879,+,FALSE,NaN
TU8J2-1411,1466638,1467411,1467411,-,TURE,NaN
TU8J2-2970_from_sigA_mono,2122672,2122306,2122306,-,TURE,sigA_mono
TU8J2-582_from_sigD_mono,2953795,2954460,2953795,+,FALSE,sigD_mono
TU8J2-1060_from_sigB_mono,624492,625109,624492,+,FALSE,sigB_mono
TU8J2-958_from_sigF_mono,988417,988872,988872,-,FALSE,sigF_mono
TU8J2-1398,1318528,1318905,1318905,-,TURE,NaN
TU8J2-2954,3218525,3219840,3218525,+,TURE,NaN
TU8J2-568,2987731,2988708,2988708,-,FALSE,NaN
TU8J2-1046,683462,685003,685003,-,FALSE,NaN
TU8J2-943,1027774,1028202,1027774,+,FALSE,NaN
TU8J2-1383,1181499,1182395,1181499,+,TURE,NaN
TU8J2-288_from_sigA_mono,3989948,3990967,3990967,-,FALSE,sigA_mono
TU8J2-553_from_sigG_mono,3025445,3025654,3025654,-,FALSE,sigG_mono
TU8J2-1031_from_sigD_mono,807091,809422,807091,+,FALSE,sigD_mono
TU8J2-929,1103104,1104384,1103104,+,FALSE,NaN
TU8J2-1369,1061491,1062258,1061491,+,TURE,NaN
TU8J2-273,4030710,4031645,4031645,-,FALSE,NaN
TU8J2-539,3056849,3058549,3058549,-,FALSE,NaN
TU8J2-1017_from_sigA_mono,834383,836534,834383,+,FALSE,sigA_mono
TU8J2-914_from_sigE_mono,1157237,1159081,1157237,+,FALSE,sigE_mono
TU8J2-1354,789652,790155,790155,-,TURE,NaN
TU8J2-259,4067183,4068148,4067183,+,FALSE,NaN
TU8J2-524,3109397,3111337,3111337,-,FALSE,NaN
TU8J2-1002,871347,872306,872306,-,FALSE,NaN
TU8J2-90_from_sigA_mono,3008938,3009864,3008938,+,TURE,sigA_mono
TU8J2-134,855114,859502,859502,-,FALSE,NaN
TU8J2-244,4107352,4107927,4107927,-,TURE,NaN
TU8J2-51_from_sigB_mono,2977800,2977807,2977807,-,FALSE,sigB_mono
TU8J2-886_from_sigA_mono,1357936,1359285,1359285,-,FALSE,sigA_mono
TU8J2-1325,417993,419747,417993,+,TURE,NaN
TU8J2-23_from_sigA_mono,338288,339106,338288,+,FALSE,sigA_mono
TU8J2-496,3222195,3223367,3223367,-,FALSE,NaN
TU8J2-871_from_sigD_mono,1434433,1434461,1434461,-,FALSE,sigD_mono
TU8J2-1310,991348,995594,991348,+,TURE,NaN
TU8J2-218,4168204,4169133,4168204,+,FALSE,NaN
TU8J2-481_from_sigA_mono,3256008,3256020,3256020,-,FALSE,sigA_mono
TU8J2-857,1484117,1486926,1484117,+,FALSE,NaN
TU8J2-814,1775067,1775612,1775067,+,FALSE,NaN
TU8J2-1297_from_sigA_mono,2016845,2016848,2016848,-,TURE,sigA_mono
TU8J2-203,4206397,4206404,4206404,-,FALSE,NaN
TU8J2-467_from_sigA_mono,3339945,3336272,3336272,-,FALSE,sigA_mono
TU8J2-842_from_sigF_mono,1565849,1567419,1565849,+,FALSE,sigF_mono
TU8J2-80,934457,935440,935440,-,FALSE,NaN
TU8J2-1282_from_sigB_mono,3454221,3451071,3451071,-,TURE,sigB_mono
TU8J2-189,2337577,2337996,2337577,+,FALSE,NaN
TU8J2-452,3418474,3419421,3418474,+,FALSE,NaN
TU8J2-828_from_sigA_mono,1671828,1673514,1671828,+,TURE,sigA_mono
TU8J2-785_from_sigA_mono,2010070,2010053,2010053,-,FALSE,sigA_mono
TU8J2-1268_from_sigA_mono,1378496,1380852,1378496,+,TURE,sigA_mono
TU8J2-174_from_sigA_mono,961394,965797,961394,+,FALSE,sigA_mono
TU8J2-438_from_sigG_mono,3542179,3542691,3542691,-,FALSE,sigG_mono
TU8J2-770,2084214,2084759,2084214,+,FALSE,NaN
TU8J2-1253,2525789,2526679,2526679,-,FALSE,NaN
TU8J2-16_from_sigA_mono,685155,686564,686564,-,FALSE,sigA_mono
TU8J2-423_from_sigD_mono,3662789,3660609,3660609,-,FALSE,sigD_mono
TU8J2-756,2287097,2287528,2287528,-,FALSE,NaN
TU8J2-1239_from_sigA_mono,840656,842014,840656,+,FALSE,sigA_mono
TU8J2-1568,3780562,3781035,3780562,+,TURE,NaN
TU8J2-409,3708172,3708699,3708699,-,FALSE,NaN
TU8J2-741,2308792,2308974,2308974,-,FALSE,NaN
TU8J2-1219_from_sigA_mono,1661967,1665253,1661967,+,FALSE,sigA_mono
TU8J2-1553,3488952,3489869,3488952,+,TURE,NaN
TU8J2-395,3743267,3743659,3743659,-,FALSE,NaN
TU8J2-727_from_sigA_mono,2375869,2645472,2645472,-,FALSE,sigA_mono
TU8J2-1204_from_sigW_mono,35845,37638,35845,+,TURE,sigW_mono
TU8J2-1539,3344043,3345143,3345143,-,TURE,NaN
TU8J2-1536,3319676,3320308,3319676,+,TURE,NaN
TU8J2-378,3772325,3773350,3773350,-,FALSE,NaN
TU8J2-71_from_sigF_mono,2634505,2635611,2635611,-,TURE,sigF_mono
TU8J2-1188_from_sigA_mono,81771,82697,81771,+,FALSE,sigA_mono
TU8J2-1521,3154735,3155553,3155553,-,TURE,NaN
TU8J2-363,3805090,3806055,3806055,-,FALSE,NaN
TU8J2-695,2474028,2475671,2475671,-,FALSE,NaN
TU8J2-1173_from_sigA_mono,203729,204890,203729,+,FALSE,sigA_mono
TU8J2-1507,2996980,2997282,2996980,+,TURE,NaN
TU8J2-349,3846001,3847249,3846001,+,FALSE,NaN
TU8J2-680_from_sigG_mono,2519102,2520382,2520382,-,FALSE,sigG_mono
TU8J2-1159_from_sigY_mono,258532,258807,258532,+,FALSE,sigY_mono
TU8J2-1493,2691642,2692571,2691642,+,TURE,NaN
TU8J2-334,3882191,3882655,3882655,-,FALSE,NaN
TU8J2-666_from_sigB_mono,2564026,2564406,2564406,-,FALSE,sigB_mono
TU8J2-1144,299438,300502,300502,-,FALSE,NaN
TU8J2-1479,2565715,2565888,2565715,+,TURE,NaN
TU8J2-319,3920638,3920634,3920634,-,FALSE,NaN
TU8J2-651_from_sigA_mono,2647456,2647614,2647456,+,FALSE,sigA_mono
TU8J2-113,2124021,2124494,2124021,+,FALSE,NaN
TU8J2-1464,2195986,2196264,2195986,+,TURE,NaN
TU8J2-3040_from_sigA_mono,1056384,1056537,1056384,+,TURE,sigA_mono
TU8J2-637,2777070,2777054,2777054,-,FALSE,NaN
TU8J2-1115,376032,376394,376032,+,FALSE,NaN
TU8J2-1452,2127345,2127683,2127683,-,TURE,NaN
TU8J2-3026_from_sigI_mono,3291511,3287655,3287655,-,TURE,sigI_mono
TU8J2-622,2852157,2852140,2852140,-,FALSE,NaN
TU8J2-1100_from_sigA_mono,441571,444338,441571,+,FALSE,sigA_mono
TU8J2-999,877599,878770,877599,+,FALSE,NaN
TU8J2-1438,2045929,2046807,2045929,+,TURE,NaN
TU8J2-3009,3739206,3739200,3739200,-,TURE,NaN
TU8J2-608,2886315,2887589,2887589,-,FALSE,NaN
TU8J2-1087,467130,469214,467130,+,FALSE,NaN
TU8J2-984,916124,916606,916606,-,FALSE,NaN
TU8J2-1423,1636131,1637849,1637849,-,TURE,NaN
TU8J2-2992,3499541,3501597,3499541,+,TURE,NaN
TU8J2-594,2920517,2920921,2920921,-,FALSE,NaN
TU8J2-1072_from_sigE_mono,516241,517257,516241,+,FALSE,sigE_mono
TU8J2-97,1612521,1613015,1612521,+,FALSE,NaN
TU8J2-1409,1447662,1447847,1447847,-,TURE,NaN
TU8J2-2966_from_sigA_mono,3201860,3199207,3199207,-,TURE,sigA_mono
TU8J2-58_from_sigE_mono,1775067,1775612,1775067,+,FALSE,sigE_mono
TU8J2-1058_from_sigA_mono,649903,651868,649903,+,FALSE,sigA_mono
TU8J2-955,1000364,1002322,1000364,+,FALSE,NaN
TU8J2-1395,1294138,1294950,1294138,+,TURE,NaN
TU8J2-2951_from_sigA_mono,256823,256802,256802,-,TURE,sigA_mono
TU8J2-565,2995908,2996849,2996849,-,FALSE,NaN
TU8J2-1043,694662,695984,694662,+,FALSE,NaN
TU8J2-940_from_sigB_mono,1044373,1044873,1044873,-,FALSE,sigB_mono
TU8J2-1380,1160776,1162143,1162143,-,TURE,NaN
TU8J2-285,3996829,3997709,3996829,+,FALSE,NaN
TU8J2-550,3032417,3033040,3033040,-,FALSE,NaN
TU8J2-1029,811569,812015,811569,+,FALSE,NaN
TU8J2-926_from_sigD_mono,1112620,1113918,1113918,-,FALSE,sigD_mono
TU8J2-1366,1026255,1027664,1027664,-,TURE,NaN
TU8J2-270,4038794,4039159,4039159,-,TURE,NaN
TU8J2-536,3067420,3068811,3068811,-,FALSE,NaN
TU8J2-1014,842047,843996,843996,-,FALSE,NaN
TU8J2-911,1204506,1204685,1204506,+,FALSE,NaN
TU8J2-1351,716780,718357,718357,-,TURE,NaN
TU8J2-256_from_sigA_mono,4084799,4086540,4084799,+,FALSE,sigA_mono
TU8J2-521,3125777,2843065,2843065,-,FALSE,NaN
TU8J2-100,2795887,2796969,2796969,-,FALSE,NaN
TU8J2-898_from_sigD_mono,1266614,1267413,1266614,+,FALSE,sigD_mono
TU8J2-1337,575712,576098,576098,-,TURE,NaN
TU8J2-241,4110217,4110247,4110217,+,FALSE,NaN
TU8J2-507_from_sigE_mono,3169763,3166131,3166131,-,FALSE,sigE_mono
TU8J2-883_from_sigB_mono,1371015,1370925,1370925,-,FALSE,sigB_mono
TU8J2-1322,336092,337432,337432,-,TURE,NaN
TU8J2-493,3225178,3225570,3225570,-,FALSE,NaN
TU8J2-869_from_sigE_mono,1438092,1439135,1438092,+,FALSE,sigE_mono
TU8J2-1308_from_sigA_mono,785113,785439,785439,-,TURE,sigA_mono
TU8J2-215,4177756,4177688,4177688,-,FALSE,NaN
TU8J2-479_from_sigE_mono,3257693,3258061,3257693,+,TURE,sigE_mono
TU8J2-854_from_sigE_mono,1494403,1495368,1495368,-,FALSE,sigE_mono
TU8J2-811,1872812,1873579,1873579,-,FALSE,NaN
TU8J2-1294,1940625,1942124,1940625,+,FALSE,NaN
TU8J2-200_from_sigA_mono,4212850,4213826,4213826,-,FALSE,sigA_mono
TU8J2-464,3354066,3354487,3354066,+,FALSE,NaN
TU8J2-84_from_sigW_mono,1765859,1767034,1765859,+,FALSE,sigW_mono
TU8J2-798,1922017,1922767,1922017,+,FALSE,NaN
TU8J2-128,2607762,2607769,2607769,-,TURE,NaN
TU8J2-186_from_sigA_mono,1425641,1426837,1425641,+,TURE,sigA_mono
TU8J2-45_from_sigA_mono,3029729,3031417,3031417,-,FALSE,sigA_mono
TU8J2-825,1682580,1683473,1682580,+,FALSE,NaN
TU8J2-782_from_sigW_mono,2027509,2027802,2027509,+,FALSE,sigW_mono
TU8J2-1265_from_sigA_mono,3577745,3579514,3579514,-,TURE,sigA_mono
TU8J2-171,505152,506297,505152,+,FALSE,NaN
TU8J2-435_from_sigW_mono,3608447,3607121,3607121,-,FALSE,sigW_mono
TU8J2-768,2090574,2092304,2090574,+,FALSE,NaN
TU8J2-1250,1253103,1253639,1253103,+,FALSE,NaN
TU8J2-158,2604959,2604933,2604933,-,FALSE,NaN
TU8J2-420_from_sigA_mono,3680581,3678399,3678399,-,FALSE,sigA_mono
TU8J2-753,2290078,2290272,2290272,-,FALSE,NaN
TU8J2-1235_from_sigA_mono,3656752,3657922,3657922,-,FALSE,sigA_mono
TU8J2-1565,3742384,3743220,3742384,+,TURE,NaN
TU8J2-406,3714739,3715881,3715881,-,FALSE,NaN
TU8J2-739_from_sigG_mono,2310995,2311885,2311885,-,FALSE,sigG_mono
TU8J2-1216_from_sigA_mono,410,3075,410,+,FALSE,sigA_mono
TU8J2-1550,3471841,3472476,3472476,-,TURE,NaN
TU8J2-392,3749487,3750677,3749487,+,FALSE,NaN
TU8J2-724_from_sigE_mono,2386195,2387673,2387673,-,FALSE,sigE_mono
TU8J2-1201,48629,49942,48629,+,FALSE,NaN
TU8J2-721_from_sigA_mono,2402067,2403350,2403350,-,FALSE,sigA_mono
TU8J2-12_from_sigA_mono,2447246,2447233,2447233,-,FALSE,sigA_mono
TU8J2-1533,3309960,3310286,3310286,-,TURE,NaN
TU8J2-375,3775653,3776336,3776336,-,FALSE,NaN
TU8J2-707_from_sigA_mono,2449841,2450290,2450290,-,FALSE,sigA_mono
TU8J2-1185_from_sigB_mono,108674,110956,108674,+,TURE,sigB_mono
TU8J2-1519,3136768,3136944,3136768,+,TURE,NaN
TU8J2-360,3810090,3810611,3810090,+,FALSE,NaN
TU8J2-692,2478006,2478929,2478929,-,FALSE,NaN
TU8J2-1170,221950,222912,221950,+,TURE,NaN
TU8J2-1504,2831124,2831780,2831780,-,TURE,NaN
TU8J2-346_from_sigG_mono,3849818,3851893,3849818,+,TURE,sigG_mono
TU8J2-678,2522871,2523716,2523716,-,FALSE,NaN
TU8J2-1156,278377,279994,278377,+,TURE,NaN
TU8J2-1490,2649842,2650468,2649842,+,TURE,NaN
TU8J2-331,3896290,3897660,3896290,+,FALSE,NaN
TU8J2-663_from_sigG_mono,2593281,2592884,2592884,-,FALSE,sigG_mono
TU8J2-1141_from_sigA_mono,308332,310842,308332,+,FALSE,sigA_mono
TU8J2-1476,2563889,2563959,2563889,+,TURE,NaN
TU8J2-316_from_sigA_mono,3932198,3931375,3931375,-,FALSE,sigA_mono
TU8J2-649_from_sigE_mono,2652387,2652797,2652797,-,FALSE,sigE_mono
TU8J2-1127,340025,340585,340025,+,FALSE,NaN
TU8J2-1461,2193827,2193976,2193827,+,TURE,NaN
TU8J2-3038,1398181,1398363,1398181,+,FALSE,NaN
TU8J2-634_from_sigG_mono,2805704,2806228,2806228,-,FALSE,sigG_mono
TU8J2-1112,405069,405015,405015,-,FALSE,NaN
TU8J2-145,1933477,1937868,1933477,+,FALSE,NaN
TU8J2-3023_from_sigG_mono,60130,60360,60130,+,TURE,sigG_mono
TU8J2-62_from_sigE_mono,989712,990680,989712,+,FALSE,sigE_mono
TU8J2-1099_from_sigG_mono,444461,446129,444461,+,FALSE,sigG_mono
TU8J2-996,889372,886173,886173,-,FALSE,NaN
TU8J2-1435,2031439,2032890,2031439,+,TURE,NaN
TU8J2-3006,1717933,1719656,1717933,+,TURE,NaN
TU8J2-605,2898292,2898747,2898292,+,FALSE,NaN
TU8J2-1084_from_sigB_mono,488830,490554,488830,+,FALSE,sigB_mono
TU8J2-981,920474,922503,920474,+,FALSE,NaN
TU8J2-1420,1550797,1551282,1551282,-,TURE,NaN
TU8J2-2988,3319286,3318799,3318799,-,TURE,NaN
TU8J2-591,2927008,2929422,2929422,-,FALSE,NaN
TU8J2-107,2338582,2338770,2338582,+,FALSE,NaN
TU8J2-967_from_sigA_mono,946696,953294,946696,+,FALSE,sigA_mono
TU8J2-1406,1431486,1433006,1433006,-,TURE,NaN
TU8J2-2963,3945415,3948399,3945415,+,TURE,NaN
TU8J2-577_from_sigE_mono,2961586,2962431,2962431,-,FALSE,sigE_mono
TU8J2-1055,664319,664669,664319,+,FALSE,NaN
TU8J2-952_from_sigD_mono,1011792,1013258,1013258,-,FALSE,sigD_mono
TU8J2-1392,1283463,1284362,1283463,+,TURE,NaN
TU8J2-2949,1270631,1272577,1270631,+,TURE,NaN
TU8J2-562_from_sigA_mono,3008938,3009864,3008938,+,TURE,sigA_mono
TU8J2-1040_from_sigB_mono,726840,728318,728318,-,FALSE,sigB_mono
TU8J2-938_from_sigG_mono,1050031,1050234,1050234,-,FALSE,sigG_mono
TU8J2-1378,1159211,1159690,1159690,-,TURE,NaN
TU8J2-282_from_sigE_mono,4002716,4001312,4001312,-,FALSE,sigE_mono
TU8J2-548,3033696,3035435,3035435,-,FALSE,NaN
TU8J2-1026,816113,817243,816113,+,FALSE,NaN
TU8J2-923,1116583,1116816,1116816,-,FALSE,NaN
TU8J2-1363,995624,996532,996532,-,TURE,NaN
TU8J2-268_from_sigA_mono,4041492,4048965,4041492,+,FALSE,sigA_mono
TU8J2-533,3076818,3078356,3076818,+,FALSE,NaN
TU8J2-1011,854412,855077,854412,+,FALSE,NaN
TU8J2-909,1219849,1225450,1219849,+,FALSE,NaN
TU8J2-1349,712019,713293,712019,+,TURE,NaN
TU8J2-253_from_sigA_mono,4089429,4091309,4091309,-,FALSE,sigA_mono
TU8J2-519_from_sigA_mono,3129530,3131113,3129530,+,FALSE,sigA_mono
TU8J2-895_from_sigE_mono,1282571,1283044,1283044,-,FALSE,sigE_mono
TU8J2-1334,562502,563461,562502,+,TURE,NaN
TU8J2-239_from_sigA_mono,4113417,4118486,4113417,+,FALSE,sigA_mono
TU8J2-504,3196906,3197892,3196906,+,FALSE,NaN
TU8J2-880,1381434,1381877,1381877,-,FALSE,NaN
TU8J2-132,3344113,3344979,3344113,+,FALSE,NaN
TU8J2-227_from_sigA_mono,4145747,4147132,4145747,+,FALSE,sigA_mono
TU8J2-490,3228778,3229941,3228778,+,FALSE,NaN
TU8J2-866_from_sigE_mono,1449250,1451135,1449250,+,FALSE,sigE_mono
TU8J2-1305_from_sigA_mono,2952828,2952583,2952583,-,FALSE,sigA_mono
TU8J2-212,4180564,4182461,4180564,+,FALSE,NaN
TU8J2-476,3276955,3278223,3276955,+,TURE,NaN
TU8J2-851,1511308,1511889,1511308,+,FALSE,NaN
TU8J2-809_from_sigA_mono,1877959,1879759,1877959,+,FALSE,sigA_mono
TU8J2-1291,1071613,1071699,1071613,+,FALSE,NaN
TU8J2-198,3892351,3883434,3883434,-,FALSE,NaN
TU8J2-461_from_sigG_mono,3622356,3623798,3623798,-,FALSE,sigG_mono
TU8J2-837_from_sigE_mono,1584214,1586154,1584214,+,FALSE,sigE_mono
TU8J2-795,1924993,1925421,1925421,-,FALSE,NaN
TU8J2-1277,1365888,1369833,1365888,+,TURE,NaN
TU8J2-183_from_sigA_mono,1424767,1425546,1425546,-,FALSE,sigA_mono
TU8J2-447_from_sigA_mono,3462105,3460486,3460486,-,FALSE,sigA_mono
TU8J2-823_from_sigA_mono,1687187,1690898,1687187,+,FALSE,sigA_mono
TU8J2-78_from_sigH_mono,1018998,1020002,1018998,+,FALSE,sigH_mono
TU8J2-1262,2096976,2096350,2096350,-,TURE,NaN
TU8J2-169_from_sigE_mono,1637965,1640637,1637965,+,FALSE,sigE_mono
TU8J2-432_from_sigB_mono,3615116,3615346,3615346,-,FALSE,sigB_mono
TU8J2-765_from_sigB_mono,2097126,2097617,2097617,-,FALSE,sigB_mono
TU8J2-1248,4199843,4198842,4198842,-,FALSE,NaN
TU8J2-1577,3438853,3440961,3440961,-,TURE,NaN
TU8J2-418,3683438,3684766,3683438,+,FALSE,NaN
TU8J2-750,2295982,2296602,2296602,-,FALSE,NaN
TU8J2-1232,3873566,3869486,3869486,-,TURE,NaN
TU8J2-1562,3664241,3665383,3665383,-,TURE,NaN
TU8J2-403_from_sigW_mono,3718794,3719129,3718794,+,TURE,sigW_mono
TU8J2-736_from_sigA_mono,2319440,2319443,2319443,-,FALSE,sigA_mono
TU8J2-1213_from_sigA_mono,9810,14810,9810,+,FALSE,sigA_mono
TU8J2-1548,3456282,3456515,3456515,-,TURE,NaN
TU8J2-39_from_sigA_mono,3809550,3809924,3809924,-,TURE,sigA_mono
TU8J2-387_from_sigX_mono,3758547,3759128,3758547,+,FALSE,sigX_mono
TU8J2-719,2412706,2413473,2413473,-,FALSE,NaN
TU8J2-1197_from_sigG_mono,53183,53368,53183,+,FALSE,sigG_mono
TU8J2-1530,3301586,3302584,3301586,+,TURE,NaN
TU8J2-372,3787620,3781467,3781467,-,FALSE,NaN
TU8J2-704,2456990,2457340,2456990,+,FALSE,NaN
TU8J2-1182_from_sigA_mono,121919,125500,121919,+,TURE,sigA_mono
TU8J2-1516,3082489,3084804,3082489,+,TURE,NaN
TU8J2-358_from_sigA_mono,3814382,3813063,3813063,-,FALSE,sigA_mono
TU8J2-69_from_sigF_mono,2445094,2444196,2444196,-,FALSE,sigF_mono
TU8J2-1168,226566,227954,226566,+,FALSE,NaN
TU8J2-1501,2768042,2768674,2768674,-,TURE,NaN
TU8J2-343,3858999,3859499,3859499,-,FALSE,NaN
TU8J2-675_from_sigE_mono,2537689,2533009,2533009,-,FALSE,sigE_mono
TU8J2-1153_from_sigA_mono,284011,285762,284011,+,TURE,sigA_mono
TU8J2-1488,2636096,2637139,2637139,-,TURE,NaN
TU8J2-328_from_sigA_mono,3903646,3902116,3902116,-,FALSE,sigA_mono
TU8J2-660_from_sigA_mono,2602979,2603275,2602979,+,FALSE,sigA_mono
TU8J2-1139,320421,320723,320723,-,TURE,NaN
TU8J2-1473,2433137,2433373,2433137,+,TURE,NaN
TU8J2-313_from_sigD_mono,3939869,3941806,3939869,+,FALSE,sigD_mono
TU8J2-646_from_sigA_mono,2657317,2655741,2655741,-,FALSE,sigA_mono
TU8J2-1124_from_sigA_mono,360442,355351,355351,-,FALSE,sigA_mono
TU8J2-1459,2169807,2169926,2169807,+,TURE,NaN
TU8J2-3035,4161103,4163160,4161103,+,TURE,NaN
TU8J2-631_from_sigB_mono,2820529,2820475,2820475,-,FALSE,sigB_mono
TU8J2-111_from_sigA_mono,596478,598543,596478,+,FALSE,sigA_mono
TU8J2-1447,2098102,2098329,2098102,+,TURE,NaN
TU8J2-3019_from_sigI_mono,1018998,1020002,1018998,+,FALSE,sigI_mono
TU8J2-617_from_sigM_mono,2861840,2862535,2862535,-,FALSE,sigM_mono
TU8J2-1096,449724,451616,449724,+,FALSE,NaN
TU8J2-993,898961,899905,898961,+,TURE,NaN
TU8J2-1432_from_sigA_mono,2002637,2003182,2002637,+,TURE,sigA_mono
TU8J2-3003,4015987,4017426,4017426,-,TURE,NaN
TU8J2-602_from_sigE_mono,2902002,2903102,2903102,-,FALSE,sigE_mono
TU8J2-1081,493559,494377,493559,+,FALSE,NaN
TU8J2-979,923587,924171,923587,+,FALSE,NaN
TU8J2-1418,1536235,1536873,1536873,-,TURE,NaN
TU8J2-2982,686962,687834,686962,+,TURE,NaN
TU8J2-589_from_sigG_mono,2931692,2931907,2931692,+,FALSE,sigG_mono
TU8J2-1067_from_sigA_mono,593407,594096,594096,-,FALSE,sigA_mono
TU8J2-964,959535,960986,960986,-,FALSE,NaN
TU8J2-1403,1400767,1401579,1401579,-,TURE,NaN
TU8J2-2960,3276141,3266655,3266655,-,TURE,NaN
TU8J2-574,2970922,2971515,2971515,-,FALSE,NaN
TU8J2-1052_from_sigW_mono,671245,674785,671245,+,FALSE,sigW_mono
TU8J2-95,1609327,1612427,1609327,+,FALSE,NaN
TU8J2-139,2464562,2464565,2464565,-,TURE,NaN
TU8J2-294_from_sigW_mono,3982973,3983173,3982973,+,FALSE,sigW_mono
TU8J2-56_from_sigB_mono,3631003,3631572,3631572,-,FALSE,sigB_mono
TU8J2-1038,754480,755780,754480,+,FALSE,NaN
TU8J2-935_from_sigA_mono,1073106,1073717,1073717,-,TURE,sigA_mono
TU8J2-1375,1118850,1119119,1118850,+,TURE,NaN
TU8J2-28_from_sigA_mono,247744,249540,247744,+,FALSE,sigA_mono
TU8J2-545_from_sigA_mono,3038213,3039931,3039931,-,FALSE,sigA_mono
TU8J2-1023,820867,822330,820867,+,FALSE,NaN
TU8J2-920,1120628,1120631,1120631,-,FALSE,NaN
TU8J2-1360,957705,959060,959060,-,TURE,NaN
TU8J2-265_from_sigA_mono,4060818,4056873,4056873,-,TURE,sigA_mono
TU8J2-530_from_sigA_mono,3094679,3089149,3089149,-,FALSE,sigA_mono
TU8J2-1009_from_sigB_mono,862004,863663,862004,+,FALSE,sigB_mono
TU8J2-906_from_sigA_mono,1229068,1229724,1229068,+,FALSE,sigA_mono
